,BER,Control,HR,MMR,predicted_class
TCGA-3C-AAAU,4.1827215987201285e-19,3.6808660639740715e-09,0.0016316980620517114,0.9983682982570822,MMR
TCGA-3C-AALI,1.1876283912599561e-07,0.0037171481081987217,0.027934751343892446,0.9683479817850696,MMR
TCGA-3C-AALJ,3.347650335989522e-29,1.1683442014796574e-07,0.008867306421524921,0.9911325767440549,MMR
TCGA-3C-AALK,1.851487279006264e-12,6.216335616820521e-07,0.16925673441067535,0.8307426439539115,MMR
TCGA-4H-AAAK,8.664209883576205e-29,8.803345834885133e-13,8.679253062621585e-05,0.9999132074684934,MMR
TCGA-5L-AAT0,4.342928562592167e-06,0.0029279272565464814,0.003994427848638131,0.9930733019662528,MMR
TCGA-5L-AAT1,0.00010779185611700929,0.03418869841542534,0.1835773840628054,0.7821261256656522,MMR
TCGA-5T-A9QA,1.5624182513674529e-12,2.491695724492316e-09,0.0032622641437463264,0.9967377333629955,MMR
TCGA-A1-A0SB,2.439190435085601e-37,7.52193530980067e-18,2.152581208527306e-14,0.9999999999999785,MMR
TCGA-A1-A0SD,2.9428878865204916e-35,2.7860616144075895e-16,3.247085760399317e-08,0.9999999675291421,MMR
TCGA-A1-A0SE,2.2534761311893266e-23,1.501151096987997e-06,0.999585052640007,0.00041344620889587866,HR
TCGA-A1-A0SF,1.4201210753490727e-09,0.005524391032826329,0.6157669123321831,0.37870869521486944,HR
TCGA-A1-A0SG,1.2780004177236365e-39,4.6395903336505005e-11,6.801470729234138e-05,0.9999319852463118,MMR
TCGA-A1-A0SH,1.4993978095502922e-13,0.0010070492003625235,0.8051168101306251,0.1938761406688624,HR
TCGA-A1-A0SI,1.6788037880902322e-06,0.017602504533366432,0.20637754234909506,0.7760182743137504,MMR
TCGA-A1-A0SJ,1.834573596046927e-10,0.00048581680461404116,0.0038644830912996815,0.9956496999206289,MMR
TCGA-A1-A0SK,1.4158310291551194e-31,1.7821217283213663e-11,1.2614787885146888e-06,0.9999987385033904,MMR
TCGA-A1-A0SM,6.027511362863906e-07,1.628330982713517e-06,0.9999970002984581,7.686194228960997e-07,HR
TCGA-A1-A0SN,0.17417861851547317,0.13837974416778315,0.1541122825770424,0.5333293547397013,MMR
TCGA-A1-A0SO,1.0127134228147903e-07,1.5225447802920555e-06,0.9645683805800436,0.03542999560383391,HR
TCGA-A1-A0SP,7.486573122903231e-20,2.587764141358453e-12,0.009496768744050556,0.9905032312533617,MMR
TCGA-A2-A04N,7.603497011804115e-32,3.4591423209566283e-10,2.028699265936008e-06,0.9999979709548198,MMR
TCGA-A2-A04R,3.3622916361146554e-25,7.568468503885322e-06,0.12190673631100898,0.8780856952204871,MMR
TCGA-A2-A04U,9.37259374797227e-39,2.386560958660723e-13,4.0084373415597294e-07,0.9999995991560272,MMR
TCGA-A2-A04W,1.2626013423401638e-12,0.0006960927656998961,0.1252066699621954,0.8740972372708421,MMR
TCGA-A2-A0CK,1.0668710482836319e-57,8.156478271596035e-20,1.853602065537594e-15,0.9999999999999982,MMR
TCGA-A2-A0CL,8.281688839446633e-19,2.5271213863609513e-07,2.7148927061779104e-06,0.9999970323951552,MMR
TCGA-A2-A0CR,1.3431449742158308e-08,0.005065947574306066,0.09491908664930053,0.9000149523449438,MMR
TCGA-A2-A0CS,4.3489853153689584e-42,7.694550546060397e-12,7.947459241566693e-06,0.9999920525330638,MMR
TCGA-A2-A0CV,1.9329599157387116e-19,2.0657296679699765e-06,0.0007831590617839243,0.9992147752085482,MMR
TCGA-A2-A0CW,5.639416172219017e-36,9.833991438290209e-12,4.1983651797075796e-08,0.9999999580065142,MMR
TCGA-A2-A0D3,5.926929658996479e-23,2.570728762473154e-08,1.048194986348277e-06,0.999998926097726,MMR
TCGA-A2-A0EN,1.883796219011704e-43,8.050178803772476e-14,2.3277899200237735e-09,0.9999999976721297,MMR
TCGA-A2-A0EP,3.3858070619019515e-10,9.556571179257337e-05,8.950059932105083e-05,0.9998149333503057,MMR
TCGA-A2-A0ES,2.6423790623903386e-22,2.824014383647362e-10,0.04287679430036506,0.9571232054172335,MMR
TCGA-A2-A0EW,3.203532929619223e-20,1.8732095396974373e-06,0.9999955897168609,2.5370735995196334e-06,HR
TCGA-A2-A0ST,1.4443150755740228e-49,1.8890479981328458e-13,1.2411191413739968e-12,0.99999999999857,MMR
TCGA-A2-A0SU,2.8580620119445485e-17,0.0001519263659253846,0.2915291071817254,0.7083189664523493,MMR
TCGA-A2-A0SX,5.308555112459121e-09,0.0002807437946571487,0.00031060477358474294,0.9994086461232029,MMR
TCGA-A2-A0SY,2.9871736501724614e-11,0.0001399272119471797,0.0008598593066086098,0.9990002134515724,MMR
TCGA-A2-A0T0,4.1950293401632987e-16,5.76887906174832e-07,0.9993076330318719,0.0006917900802214413,HR
TCGA-A2-A0T1,9.229799712890007e-43,6.591642575623774e-14,1.4705911724673634e-09,0.9999999985293428,MMR
TCGA-A2-A0T3,6.366242748512904e-06,1.1043088078628798e-05,0.00011681767694702166,0.9998657729922258,MMR
TCGA-A2-A0T4,4.496196748356927e-15,0.016172534333506218,0.037148862160561506,0.9466786035059277,MMR
TCGA-A2-A0T5,2.4446280876211798e-71,3.5418226671694643e-25,1.0262693967426716e-20,1.0,MMR
TCGA-A2-A0T6,1.2222834546709032e-63,2.8223866342933043e-22,5.350859577412541e-18,1.0,MMR
TCGA-A2-A0T7,4.379534098747657e-35,5.872221860770781e-11,5.356088684850678e-07,0.9999994643324094,MMR
TCGA-A2-A0YC,1.9834836642894154e-21,2.0242608115446884e-05,0.9304125557854971,0.06956720160638737,HR
TCGA-A2-A0YD,8.77447187851655e-20,7.477888004821412e-08,1.4228810815884808e-06,0.9999985023400383,MMR
TCGA-A2-A0YE,5.270274621757773e-44,2.460115099478335e-15,4.3457161499432085e-12,0.9999999999956519,MMR
TCGA-A2-A0YF,2.784761590519174e-28,2.010000279272359e-05,0.08205606842254583,0.9179238315746614,MMR
TCGA-A2-A0YG,4.68225904746316e-31,3.0187877496639e-07,0.5244010072096154,0.47559869091160956,HR
TCGA-A2-A0YH,7.233333657847162e-23,4.649995115556942e-08,3.483083774689713e-06,0.9999964704162743,MMR
TCGA-A2-A0YI,1.0657469614970435e-30,6.642994320897714e-09,0.00013609903965694297,0.9998638943173487,MMR
TCGA-A2-A0YJ,2.8568398285952216e-25,1.9840533617258946e-10,0.00029596872699921037,0.9997040310745955,MMR
TCGA-A2-A0YK,2.640773569535431e-06,0.015969791524594854,0.10028762421561876,0.8837399434862168,MMR
TCGA-A2-A0YL,1.4436251551682184e-14,5.385400398910488e-05,0.0018007729899154508,0.998145373006081,MMR
TCGA-A2-A0YM,7.13571114602614e-21,1.1566381688599733e-06,0.00036521849748536833,0.9996336248643457,MMR
TCGA-A2-A0YT,1.05835097052549e-22,1.1594746794776105e-07,6.178676380601019e-05,0.9999380972887261,MMR
TCGA-A2-A1FV,1.2968189043382996e-45,4.7512707922966126e-15,5.984470326024352e-11,0.9999999999401505,MMR
TCGA-A2-A1FW,3.9890782547377013e-38,8.049959561613347e-13,1.4318886362010329e-09,0.9999999985673063,MMR
TCGA-A2-A1FX,1.8274589990388098e-36,3.704913166460899e-16,3.1532753630947936e-16,0.9999999999999993,MMR
TCGA-A2-A1FZ,1.1091209200466131e-42,3.5746189281130233e-12,2.4893925077468813e-06,0.9999975106039177,MMR
TCGA-A2-A1G0,1.707118216014785e-24,1.3424139056287558e-07,0.00010880508854285298,0.9998910606700666,MMR
TCGA-A2-A1G1,1.891827490839756e-24,3.583298786355569e-08,0.009121156239497339,0.9908788079275147,MMR
TCGA-A2-A1G6,1.006667199350498e-17,3.460526965649482e-05,0.01608941714814425,0.9838759775821991,MMR
TCGA-A2-A259,1.1239887127574275e-31,8.74482650348313e-10,5.761940958968581e-06,0.9999942371845584,MMR
TCGA-A2-A25A,9.30262418942784e-18,1.3452291157126841e-05,0.003393639664932441,0.9965929080439104,MMR
TCGA-A2-A25B,3.4706631453262384e-16,1.966926874613072e-07,0.9793070373608646,0.020692765946447488,HR
TCGA-A2-A25C,7.592869675712037e-12,0.016951890043508798,0.9416822796676901,0.04136583028120811,HR
TCGA-A2-A25D,5.219254598724871e-28,1.7651961806451486e-07,0.0065254028750013505,0.9934744206053806,MMR
TCGA-A2-A25E,2.8982499724836358e-11,3.918363831675402e-05,0.9982538026182981,0.0017070137144026946,HR
TCGA-A2-A25F,1.0,4.7526777709254346e-30,1.1081230029166492e-19,4.571900978536444e-20,BER
TCGA-A2-A3KD,3.900923800409965e-45,4.772818718825071e-18,6.023035815871663e-13,0.9999999999993976,MMR
TCGA-A2-A3XT,3.398018277501409e-14,2.727819899714807e-06,0.9993692330845095,0.0006280390955568293,HR
TCGA-A2-A3XU,1.1753972895404406e-17,1.1537447341426781e-10,4.277546598722456e-05,0.9999572244186382,MMR
TCGA-A2-A3XV,3.708705811305042e-23,1.1533302595714659e-05,0.5187800817805419,0.48120838491686246,HR
TCGA-A2-A3XW,1.759257794656093e-11,0.0013563193463888034,0.10865286635729841,0.8899908142787202,MMR
TCGA-A2-A3XX,6.883878511779783e-23,1.3092717686699113e-07,0.009732384366695799,0.9902674847061275,MMR
TCGA-A2-A3XZ,4.631710273312424e-26,2.4278623616126503e-09,2.827331830807987e-07,0.9999997148389546,MMR
TCGA-A2-A3Y0,3.2070926312558983e-19,1.274245261269078e-07,0.999991473092106,8.399483367715573e-06,HR
TCGA-A2-A4S1,2.47053390617078e-07,0.3654838133968978,0.5850401755953342,0.04947576395437752,HR
TCGA-A2-A4S2,6.493361668674119e-39,4.9029491443693514e-09,0.2201372421689441,0.7798627529281067,MMR
TCGA-A2-A4S3,6.969869522495609e-28,4.570080762510131e-09,5.3428933298587135e-06,0.9999946525365895,MMR
TCGA-A7-A0CE,1.1256088879206215e-16,0.00025364162015145035,0.3715075647308218,0.6282387936490266,MMR
TCGA-A7-A0CH,1.8928952237906733e-11,0.0006331769703927564,0.9985751479758854,0.0007916750347928469,HR
TCGA-A7-A0D9,1.0322474462598806e-33,1.6639051704116894e-14,7.31747369466725e-15,0.999999999999976,MMR
TCGA-A7-A0DA,2.549629650202055e-18,9.349039639121562e-08,0.9999909440340118,8.96247559196353e-06,HR
TCGA-A7-A0DB,6.426213275529274e-31,1.909846028704109e-10,0.0001252048887783972,0.999874794920237,MMR
TCGA-A7-A13D,3.633888800257267e-10,5.887350389908742e-06,0.7149765772055149,0.2850175350807063,HR
TCGA-A7-A13E,3.159996671146921e-69,5.4272669542523866e-24,3.417526238708409e-19,1.0,MMR
TCGA-A7-A13F,1.3635214411057706e-23,3.134546781191203e-12,7.743792415833373e-06,0.9999922562044495,MMR
TCGA-A7-A13G,4.588568580094708e-13,4.564692804831164e-19,4.0183028629349506e-11,0.9999999999593581,MMR
TCGA-A7-A26E,1.1136746013329481e-37,5.325903200823587e-13,1.3274499507221783e-09,0.9999999986720174,MMR
TCGA-A7-A26F,1.491723040291959e-53,9.76595890854069e-16,2.9408841521653695e-16,0.9999999999999987,MMR
TCGA-A7-A26G,1.5712348654000856e-07,0.0010388367691598168,0.0007855355714923839,0.9981754705358612,MMR
TCGA-A7-A26H,9.66618659332575e-17,8.225587594064083e-06,0.0003686732489368671,0.999623101163469,MMR
TCGA-A7-A26I,5.590983185346413e-24,1.918285202178608e-06,0.9989471858892494,0.0010508958255483758,HR
TCGA-A7-A26J,7.397098679499245e-30,1.6871352610430703e-12,0.0004827732460366645,0.9995172267522763,MMR
TCGA-A7-A2KD,3.564453098277384e-15,2.194328787078583e-09,0.0019428321210217356,0.9980571656846459,MMR
TCGA-A7-A3RF,4.978503523303224e-33,1.4474049171138092e-10,0.004211343068957377,0.9957886567863021,MMR
TCGA-A7-A425,5.54694423815519e-51,1.6006774132481936e-17,1.0636932836467584e-13,0.9999999999998936,MMR
TCGA-A7-A4SC,4.128798013016378e-17,0.00018684007767607086,0.9078821715674091,0.09193098835491484,HR
TCGA-A7-A4SD,1.7926806146422265e-34,2.9145083734163093e-15,1.393550998923143e-09,0.9999999986064461,MMR
TCGA-A7-A4SE,1.0127186694864058e-06,0.0028753285524699243,0.002633941358741528,0.994489717370119,MMR
TCGA-A7-A56D,2.2124774173041652e-20,3.332018083473459e-08,0.0011891033977361142,0.9988108632820831,MMR
TCGA-A7-A5ZV,8.328839383550953e-21,2.8458532536467186e-08,0.9999979767686981,1.9947727692949565e-06,HR
TCGA-A7-A5ZW,5.234337421868382e-35,2.570515919900158e-13,7.38660662854931e-12,0.9999999999923563,MMR
TCGA-A7-A5ZX,6.98326098723319e-32,5.012774284868419e-08,0.9929042344305975,0.0070957154416595005,HR
TCGA-A7-A6VV,7.221909029026252e-35,1.283561856503841e-12,1.5742240988482908e-10,0.9999999998412941,MMR
TCGA-A7-A6VW,8.679715029348169e-15,1.337342482513228e-06,9.423835220066043e-07,0.9999977202739869,MMR
TCGA-A7-A6VX,2.9825357352890815e-18,7.048500201317817e-06,0.9977269178715374,0.0022660336282611083,HR
TCGA-A7-A6VY,7.014308442464738e-17,1.3252118820032201e-07,0.99994853703035,5.133044846178369e-05,HR
TCGA-A8-A075,4.313633375995641e-12,1.5646584885856614e-05,1.3228078362617072e-05,0.9999711253324378,MMR
TCGA-AC-A23C,1.5443931681665784e-18,3.899474009646338e-07,0.9146937412258901,0.08530586882670896,HR
TCGA-AC-A23E,2.647130584873546e-12,1.7009723697653632e-06,4.54908579009636e-07,0.9999978441164041,MMR
TCGA-AC-A23H,6.676648290966334e-05,0.04867664974132131,0.3018785662490632,0.6493780175267058,MMR
TCGA-AC-A2B8,1.8353770709042313e-08,0.010607383216424784,0.4475035270277505,0.541889071402054,MMR
TCGA-AC-A2BK,1.0167823571892953e-07,0.0001084520737724083,0.9997810021726387,0.0001104440753531002,HR
TCGA-AC-A2BM,1.2089738839786228e-16,4.1144857348598655e-15,6.3617011453230235e-06,0.9999936382988505,MMR
TCGA-AC-A2FB,7.894963135007573e-21,3.23776415685875e-09,2.2766082868903684e-09,0.9999999944856275,MMR
TCGA-AC-A2FF,6.599556285352564e-07,4.503903551663574e-08,0.988398760964946,0.011600534040389934,HR
TCGA-AC-A2FG,2.738515450552567e-47,6.127085058202901e-15,6.961044087344433e-10,0.9999999993038895,MMR
TCGA-AC-A2FK,0.021823589362608063,3.1357050944353066e-12,0.9781764095501263,1.0841299843238238e-09,HR
TCGA-AC-A2FO,2.814841072306961e-11,7.489188601471289e-08,0.015419453688655103,0.9845804713913106,MMR
TCGA-AC-A2QH,6.860731748339154e-44,2.5749075184798523e-15,4.427025623799519e-12,0.9999999999955704,MMR
TCGA-AC-A3HN,1.2928986475999495e-19,2.46499584941742e-06,0.8971805021646939,0.10281703283945663,HR
TCGA-AC-A3OD,4.649590339211045e-18,2.4073532078001457e-06,0.00026709896691050154,0.9997304936798818,MMR
TCGA-AC-A3QP,2.0776105393780254e-18,6.364296068590418e-05,0.8563288744816278,0.14360748255768627,HR
TCGA-AC-A3QQ,9.607465500303566e-08,0.0179566792946739,0.532807703253256,0.4492355213774151,HR
TCGA-AC-A3W5,7.428525407291155e-07,0.0001370897954399365,0.3927403014805847,0.6071218658714347,MMR
TCGA-AC-A3YI,1.0539553256123768e-12,0.0005139873794702597,0.07516742774011335,0.9243185848793624,MMR
TCGA-AC-A3YJ,3.089550308726098e-39,1.46374174776384e-13,8.6901966453489e-08,0.9999999130978872,MMR
TCGA-AC-A4ZE,2.914391696950148e-35,1.430799011335013e-10,3.898583398917954e-06,0.9999961012735211,MMR
TCGA-AC-A5EH,1.0613267619929438e-14,3.095370128469786e-07,0.9974533022256376,0.002546388237339035,HR
TCGA-AC-A5EI,1.6256298436065357e-37,3.323785504764982e-16,1.5886395424704137e-16,0.9999999999999996,MMR
TCGA-AC-A5XS,7.464744718852161e-05,0.044829553747883014,0.5666189662452749,0.3884768325596536,HR
TCGA-AC-A5XU,7.093431376002034e-31,1.2993608232327778e-14,5.63309589404468e-11,0.999999999943656,MMR
TCGA-AC-A62V,6.213263122494607e-24,2.3757601955097012e-08,0.00027751904897807333,0.99972245719342,MMR
TCGA-AC-A62X,4.359380402413384e-34,2.560563595673049e-12,3.6451829268490293e-10,0.9999999996329212,MMR
TCGA-AC-A62Y,1.9659515797065305e-34,1.3869570794476875e-09,0.00019531482221071348,0.9998046837908321,MMR
TCGA-AC-A6IV,6.595159890822837e-34,4.427023746150155e-08,2.2912380448503444e-05,0.9999770433493139,MMR
TCGA-AC-A6IW,2.852742356310824e-07,0.0110697561773498,0.968994866404113,0.01993509214430162,HR
TCGA-AC-A6IX,8.908214517024979e-27,5.475556012535232e-09,2.412455904713317e-06,0.9999975820685394,MMR
TCGA-AC-A6NO,9.620410963375374e-38,2.1428376920813053e-15,6.4304427066226316e-15,0.9999999999999913,MMR
TCGA-AC-A7VB,6.2921880644127566e-58,7.416058926345255e-22,1.3019549387582454e-19,1.0,MMR
TCGA-AC-A7VC,1.7270536088745158e-45,9.471371537604665e-14,7.844695447086343e-14,0.9999999999998268,MMR
TCGA-AC-A8OP,2.801877537111915e-15,1.1508176925828522e-10,3.332241539162923e-05,0.9999666774695238,MMR
TCGA-AC-A8OQ,1.3020957930588012e-41,9.255257699070725e-14,5.178175483972388e-10,0.9999999994820898,MMR
TCGA-AC-A8OR,7.266051701821964e-13,0.0014767972295224984,0.9976123930299419,0.0009108097398089225,HR
TCGA-AC-A8OS,4.5412890712891975e-19,7.450291547621182e-05,0.3756797927878981,0.6242457042966257,MMR
TCGA-AN-A0XL,4.208177671509843e-13,8.16932663943258e-06,1.2444817264524215e-05,0.9999793858556753,MMR
TCGA-AN-A0XN,1.3939620250016542e-27,2.951616505817255e-07,0.9993660574364354,0.0006336474019139,HR
TCGA-AN-A0XO,1.7244753229339337e-26,9.296585969455325e-07,0.09655355732889363,0.9034455130125093,MMR
TCGA-AN-A0XP,6.874928490784943e-15,7.28271811849945e-05,0.9997499105738242,0.00017726224498396782,HR
TCGA-AN-A0XR,4.4583482099945674e-23,1.7210495089378288e-10,1.4117442811607674e-10,0.9999999996867206,MMR
TCGA-AN-A0XS,2.8234367287540205e-23,3.187518748633642e-10,2.058073488170482e-10,0.9999999994754407,MMR
TCGA-AN-A0XT,4.471195787808173e-57,1.1569946828867451e-23,1.2878351997991823e-23,1.0,MMR
TCGA-AN-A0XU,9.841333501248256e-13,7.029127124856215e-06,6.105054323408192e-06,0.9999868658175676,MMR
TCGA-AN-A0XV,1.3610390433234449e-26,1.1658092462038453e-06,0.09281171206264259,0.9071871221281111,MMR
TCGA-AN-A0XW,0.001280769707949945,0.053909389627458844,0.0901222727264179,0.8546875679381732,MMR
TCGA-AO-A03M,0.00010710926666569432,0.038487681904446014,0.1277542347730892,0.8336509740557991,MMR
TCGA-AO-A03N,2.5157216364917293e-09,8.027060415209616e-08,9.35271119673094e-06,0.9999905645024776,MMR
TCGA-AO-A03U,0.11559101862458004,6.388292708167633e-07,0.8843938036027204,1.453894342865868e-05,HR
TCGA-AO-A03V,3.6344942201261724e-28,4.5729376738394215e-08,0.00043423515006364884,0.9995657191205597,MMR
TCGA-AO-A0JG,1.71093932186936e-07,0.00835658158561469,0.6045305177773039,0.3871127295431491,HR
TCGA-AO-A124,1.8543969784496354e-17,5.396298245140563e-06,0.9907091697171755,0.009285433984579481,HR
TCGA-AO-A125,5.657135062658253e-07,0.001281255558515107,0.0011704312237479275,0.9975477475042307,MMR
TCGA-AO-A126,2.187577213093815e-56,2.2455776863720877e-19,4.189677746080311e-15,0.9999999999999958,MMR
TCGA-AO-A128,1.8560411599591832e-33,1.6167429745230054e-14,7.0551722633330645e-15,0.9999999999999767,MMR
TCGA-AO-A129,9.713360530710772e-17,1.846972772093015e-05,0.18985661273792695,0.810124917534352,MMR
TCGA-AO-A12A,1.1479337864773576e-08,0.00020693620303921544,0.00013264705432736905,0.9996604052632956,MMR
TCGA-AO-A12B,1.0323683276095703e-70,7.951387577516668e-25,2.899731702885542e-20,1.0,MMR
TCGA-AO-A12D,1.6163420502872983e-20,2.68128320735802e-08,2.355734148066533e-07,0.999999737613753,MMR
TCGA-AO-A12E,5.581111427165142e-53,1.1495475762400475e-17,3.616119110983229e-13,0.9999999999996383,MMR
TCGA-AO-A12F,1.682878736689967e-31,3.4641120400853956e-09,8.265433228151332e-05,0.9999173422036063,MMR
TCGA-AO-A12G,2.9274705674936023e-37,8.115892560442233e-18,2.2160801899430854e-14,0.9999999999999778,MMR
TCGA-AO-A12H,1.9591420297824258e-47,5.0434488573258204e-15,3.9625021345841495e-10,0.9999999996037447,MMR
TCGA-AO-A1KO,1.0660063618327929e-13,0.0005021794048327758,0.9876582015202335,0.01183961907482714,HR
TCGA-AO-A1KR,3.504743186815594e-16,3.0920522275410774e-05,0.9999090286400361,6.005083768813445e-05,HR
TCGA-AO-A1KT,9.743499155955728e-49,1.7251255495091295e-12,0.00020278327573680993,0.9997972167225381,MMR
TCGA-AQ-A04H,9.309000021369089e-69,9.95389984130875e-24,7.447905992346105e-19,1.0,MMR
TCGA-AQ-A0Y5,6.05122323146668e-46,7.248730190579645e-16,2.293331070236335e-12,0.9999999999977058,MMR
TCGA-AQ-A1H2,6.6442744182628986e-59,3.3856884942572897e-18,9.479885438351446e-12,0.99999999999052,MMR
TCGA-AQ-A1H3,7.805681846450159e-83,1.2463235269249926e-31,5.276723348560684e-29,1.0,MMR
TCGA-AQ-A54O,5.5191276699000225e-27,2.7942687443565692e-12,0.006555841570422316,0.9934441584267834,MMR
TCGA-AQ-A7U7,3.902694661206931e-15,3.810081021782533e-05,0.002229902223565758,0.9977319969662125,MMR
TCGA-AR-A0TP,2.370260620520059e-20,1.0803014172797448e-07,0.9999657631671351,3.412880272319152e-05,HR
TCGA-AR-A0TQ,2.707958980941147e-11,6.615355222150014e-10,4.2636374900075784e-07,0.999999572947636,MMR
TCGA-AR-A0TR,3.761640368857219e-06,1.2519763228473138e-08,6.074208514055501e-05,0.9999354837547274,MMR
TCGA-AR-A0TS,1.8289729754027475e-17,2.0087048898926035e-06,0.9961712215407879,0.003826769754322267,HR
TCGA-AR-A0TT,2.419588690042329e-35,3.119501331095269e-10,2.1469967149941663e-05,0.9999785297208998,MMR
TCGA-AR-A0TU,1.4029999210925179e-16,2.14689606615576e-07,0.05706491076357081,0.9429348745468223,MMR
TCGA-AR-A0TV,1.5910020668832085e-28,6.682166085365242e-11,2.1541112761949632e-05,0.9999784588204164,MMR
TCGA-AR-A0TW,7.455722803108191e-45,2.7063492849686252e-14,1.005975280398909e-07,0.9999998994024449,MMR
TCGA-AR-A0TX,2.341496017056318e-08,0.006258997524999383,0.10884346275227758,0.8848975163077628,MMR
TCGA-AR-A0TZ,4.4161025476170584e-27,4.109918990336641e-09,3.5310201229371404e-06,0.9999964648699581,MMR
TCGA-AR-A0U0,1.076992335292048e-12,0.0009524580232986378,0.9793069607764807,0.01974058119914368,HR
TCGA-AR-A0U1,7.692801862673627e-15,1.9691225709669176e-07,0.9999977521025278,2.05098520725508e-06,HR
TCGA-AR-A0U2,1.9963382103063778e-26,9.902105953443273e-09,5.150177320265289e-06,0.9999948399205739,MMR
TCGA-AR-A0U3,1.640729519864353e-22,4.996488298418381e-07,0.0008922769136043788,0.9991072234375658,MMR
TCGA-AR-A0U4,2.452817177687309e-16,3.664274475235706e-07,0.9999894953775775,1.0138194974739093e-05,HR
TCGA-AR-A1AH,8.303208772664355e-19,7.488580075103522e-05,0.9170990425740041,0.08282607162524482,HR
TCGA-AR-A1AI,1.518914559679443e-18,1.085163938236317e-09,7.76427636909449e-09,0.9999999911505598,MMR
TCGA-AR-A1AJ,7.307893288648628e-37,7.800629410983531e-13,6.233707201796612e-10,0.9999999993758493,MMR
TCGA-AR-A1AK,1.052682707941821e-25,1.330472532048253e-09,4.107398534075095e-08,0.999999957595542,MMR
TCGA-AR-A1AL,3.1371633878382695e-31,4.729666907355163e-09,8.655684356010298e-05,0.9999134384267729,MMR
TCGA-AR-A1AN,9.759781598743263e-60,1.6288680094497835e-24,1.1938075305613138e-19,1.0,MMR
TCGA-AR-A1AO,3.4834640245312696e-13,2.7984762356657686e-05,0.5463343557284127,0.45363765950888235,HR
TCGA-AR-A1AP,8.20037953730329e-48,2.3043173889860464e-20,8.919316812993698e-21,1.0,MMR
TCGA-AR-A1AQ,2.6553191044610763e-13,5.569392247432726e-12,0.1656086077272085,0.8343913922669566,MMR
TCGA-AR-A1AR,1.898640036006361e-15,0.0005225078256850936,5.3825866831732963e-08,0.9994774383484462,MMR
TCGA-AR-A1AS,4.2807887667227656e-12,0.000530345747220959,0.993549503078745,0.005920151169753286,HR
TCGA-AR-A1AT,1.6035898313832698e-09,0.0005215802744516309,0.9967655279729836,0.002712890148974857,HR
TCGA-AR-A1AU,1.8724162527337676e-50,3.2093124562681897e-20,4.230402572498995e-14,0.9999999999999576,MMR
TCGA-AR-A1AV,1.0470886061648046e-40,7.603517721683802e-14,1.754386470245615e-10,0.9999999998244853,MMR
TCGA-AR-A1AW,1.2984566940371193e-21,9.414736229117252e-12,0.0455656343786042,0.954434365611981,MMR
TCGA-AR-A1AX,9.246262672136675e-19,1.3456959455563324e-08,2.5506986535957222e-08,0.9999999610360542,MMR
TCGA-AR-A1AY,4.917549029413484e-21,6.782985552476258e-08,1.12810476804555e-06,0.9999988040653766,MMR
TCGA-AR-A24H,1.0591356668697668e-11,2.4776394726424552e-05,1.9565090931470727e-05,0.9999556585037507,MMR
TCGA-AR-A24K,1.90246843879406e-30,6.701490341107497e-11,2.1948327627797835e-07,0.9999997804497087,MMR
TCGA-AR-A24L,1.9582814886846683e-14,2.0739773869291347e-07,0.9999831006868528,1.6691915388929167e-05,HR
TCGA-AR-A24M,6.114466095794784e-37,1.553525335399794e-09,0.00013911477718909763,0.9998608836692856,MMR
TCGA-AR-A24N,2.623056428310303e-35,3.349566256577165e-23,1.1575834082780574e-18,1.0,MMR
TCGA-AR-A24O,1.3087129918754637e-23,2.40332777803104e-06,0.016546288518781333,0.9834513081534406,MMR
TCGA-AR-A24P,3.83234034912602e-39,1.4761690295931031e-12,2.7970855654881194e-15,0.999999999998521,MMR
TCGA-AR-A24Q,5.208239182132882e-13,5.6064226525847905e-08,0.9999811938531421,1.8750082110529925e-05,HR
TCGA-AR-A24R,7.018816525312563e-52,7.144091536252262e-18,4.922977316140937e-14,0.9999999999999507,MMR
TCGA-AR-A24S,4.1440211089475927e-41,4.2253107542260114e-14,6.438408041214639e-11,0.9999999999355738,MMR
TCGA-AR-A24T,6.451776537520945e-36,2.520503011911844e-12,1.7108847552993449e-09,0.9999999982865948,MMR
TCGA-AR-A24U,1.062705648824963e-33,2.2922299659454365e-11,2.5687032723140817e-08,0.999999974290045,MMR
TCGA-AR-A24V,1.2849604406414925e-13,0.000523636310997277,0.17033565772401152,0.8291407059648628,MMR
TCGA-AR-A24W,0.8690493622119584,2.3227206626543803e-07,3.9835901625111346e-08,0.13095036568007384,BER
TCGA-AR-A24X,6.322622028197762e-36,1.661378331553754e-11,1.649998320307866e-07,0.999999834983554,MMR
TCGA-AR-A24Z,2.9503176007526556e-30,1.1173522619982237e-10,0.002984340635687621,0.9970156592525772,MMR
TCGA-AR-A250,6.328641731209907e-29,1.7189664159110315e-09,2.2515318985772418e-06,0.9999977467491351,MMR
TCGA-AR-A251,5.396622860354059e-12,1.3664098811383853e-05,0.9998454765986505,0.000140859297141538,HR
TCGA-AR-A252,4.237610202816084e-14,1.0911172935402677e-09,0.015032826472383935,0.9849671724364565,MMR
TCGA-AR-A254,2.3092353449501314e-51,3.990822565061217e-18,8.724432907885182e-15,0.9999999999999913,MMR
TCGA-AR-A255,4.111900894525559e-12,0.02274874282906194,0.7053706390716067,0.27188061809521935,HR
TCGA-AR-A256,4.960511369977579e-05,1.1533068314639146e-06,0.9989999628352908,0.0009492787441780662,HR
TCGA-AR-A2LE,9.009264319523887e-06,0.0243628490039946,0.3433145274940515,0.6323136142376343,MMR
TCGA-AR-A2LH,2.4332670725770667e-14,2.621732611530373e-05,0.0009584888174885603,0.9990152938563719,MMR
TCGA-AR-A2LK,4.750987180350464e-49,2.1856746441591033e-17,4.7301640683736297e-14,0.9999999999999527,MMR
TCGA-AR-A2LL,5.400170968590073e-63,3.049223684722245e-23,2.69357062375965e-20,1.0,MMR
TCGA-AR-A2LM,3.911703367792428e-32,2.113624852663151e-08,0.9991593316156421,0.0008406472481093016,HR
TCGA-AR-A2LN,4.482019439044028e-18,3.292199402566398e-08,3.0371294550485523e-08,0.9999999367067114,MMR
TCGA-AR-A2LO,1.681607490306345e-57,1.925446382096158e-24,4.681592805922317e-25,1.0,MMR
TCGA-AR-A2LQ,2.4992799231873344e-38,3.5587040993691505e-12,3.595354102138082e-08,0.9999999640429003,MMR
TCGA-AR-A2LR,1.2844172899533952e-15,5.3589254929851165e-06,0.00011212735113689527,0.9998825137233688,MMR
TCGA-AR-A5QM,3.220878194460881e-38,1.2857521891433184e-12,2.554850278096896e-12,0.9999999999961593,MMR
TCGA-AR-A5QN,5.295124139283397e-07,0.001156986512707932,0.0006438524231221467,0.9981986315517559,MMR
TCGA-AR-A5QP,1.8248691504351154e-45,5.622923814077932e-13,8.612985575301889e-07,0.9999991387008802,MMR
TCGA-AR-A5QQ,1.732959389561404e-15,3.6423008516316314e-05,0.9999251269484242,3.845004305764325e-05,HR
TCGA-B6-A0I1,9.045398230399245e-46,4.301182251893123e-15,5.82755745497234e-11,0.9999999999417202,MMR
TCGA-B6-A0IH,2.4414718963992654e-23,2.962499082377491e-07,0.00026288384159746137,0.9997368199084943,MMR
TCGA-B6-A0RH,3.366325934971412e-32,4.825668079176301e-11,2.5946148544489683e-08,0.9999999740055947,MMR
TCGA-B6-A0RL,5.154126463004895e-08,1.4397530915006828e-08,8.255306326939693e-06,0.9999916787548775,MMR
TCGA-B6-A0RM,7.112231353423364e-50,8.977658420363073e-17,1.1627169607077011e-12,0.9999999999988372,MMR
TCGA-B6-A0RN,6.150170089054525e-38,8.572760568958326e-16,8.351249582015351e-09,0.9999999916487495,MMR
TCGA-B6-A0RO,1.1957735404472737e-23,7.234374667356413e-07,0.9993382253119271,0.0006610512506064144,HR
TCGA-B6-A0RP,5.270304213693171e-20,3.66479507619094e-11,0.007210632999710725,0.9927893669636413,MMR
TCGA-B6-A0RQ,2.251302664045941e-26,2.165586878415584e-05,4.953095538802166e-06,0.999973391035677,MMR
TCGA-B6-A0RT,1.9794328326641127e-08,0.000846756536514169,0.012944255500233011,0.9862089681689246,MMR
TCGA-B6-A0RU,1.116294272917154e-22,9.629092680659097e-06,0.825579551429654,0.17441081947766526,HR
TCGA-B6-A0RV,8.441297495987994e-19,6.033135577475233e-08,1.64195602809043e-07,0.9999997754730414,MMR
TCGA-B6-A0WS,2.1089463061170143e-22,1.9290946553435635e-05,0.4306168223180694,0.5693638867353772,MMR
TCGA-B6-A0WT,1.2232524891575806e-18,1.8184814902165147e-09,1.4246662788593843e-10,0.9999999980390519,MMR
TCGA-B6-A0WV,8.850623084836653e-36,2.0625431330284784e-08,0.9570486028014539,0.0429513765731149,HR
TCGA-B6-A0WW,2.00290363804225e-14,8.410110663119514e-05,0.9998040457841235,0.00011185310922526074,HR
TCGA-B6-A0WX,3.200950352278045e-43,1.204014341804387e-13,4.2240942400691175e-09,0.9999999957757852,MMR
TCGA-B6-A0WY,1.385869229217912e-18,1.214935715836073e-05,0.009351453250322675,0.990636397392519,MMR
TCGA-B6-A0WZ,7.678914221222381e-13,0.001191406164097776,0.42387262558295363,0.5749359682521807,MMR
TCGA-B6-A0X0,1.1462153836273804e-14,0.00014438450452366927,0.9991233906172157,0.0007322248782493093,HR
TCGA-B6-A0X1,9.516716863279978e-17,3.215160767249293e-05,0.9996998013596282,0.0002680470326990474,HR
TCGA-B6-A0X4,0.0030870486035333026,0.05344353436524253,0.5187223570951982,0.4247470599360259,HR
TCGA-B6-A0X5,1.991630542450929e-21,9.898441282725407e-06,0.961440887126685,0.03854921443203243,HR
TCGA-B6-A0X7,1.7324721533374566e-37,8.269073842025139e-14,5.094640968035806e-17,0.9999999999999172,MMR
TCGA-B6-A1KN,5.042738181536726e-28,6.704107281392532e-10,1.2559634566179892e-05,0.9999874396950231,MMR
TCGA-B6-A2IU,2.273695018278353e-16,1.00339628116814e-05,0.0007619437193947187,0.9992280223177934,MMR
TCGA-B6-A401,6.191444354875987e-27,4.131519255983567e-09,1.2640685261580765e-06,0.9999987317999547,MMR
TCGA-B6-A409,1.090739916102302e-36,1.3652371456049452e-12,1.0394037628853492e-09,0.999999998959231,MMR
TCGA-B6-A40B,2.00123416774866e-21,2.0817932029613363e-08,0.4497933976686834,0.5502065815133846,MMR
TCGA-B6-A40C,6.493866075610617e-53,8.05999837746943e-19,5.3038385883972545e-20,1.0,MMR
TCGA-BH-A0AU,3.488853547494486e-36,1.203519282777726e-11,1.874110501504818e-09,0.9999999981138543,MMR
TCGA-BH-A0AV,7.346684328383993e-16,3.793625785301334e-05,0.9991317369736065,0.000830326768539794,HR
TCGA-BH-A0AY,1.1532919891107682e-25,4.554206650863255e-13,1.0071397849921857e-12,0.9999999999985374,MMR
TCGA-BH-A0AZ,0.0015501034099038215,0.04283981760265699,0.08928805518194954,0.8663220238054896,MMR
TCGA-BH-A0B0,1.699996393901778e-08,0.00040920855534246824,0.0013085922102501195,0.9982821822344435,MMR
TCGA-BH-A0B3,2.871212696779346e-11,0.00012382940932802823,0.000451469438633914,0.9994247011233259,MMR
TCGA-BH-A0B6,3.116534000580825e-08,0.009850077069512232,0.2905330931406853,0.6996167986244625,MMR
TCGA-BH-A0B7,2.8891701318212157e-10,0.0036672737688457956,0.4904585112729656,0.5058742146692715,MMR
TCGA-BH-A0B8,0.9999999999336184,1.4629237934950692e-21,2.3699095271865864e-14,6.635777709128633e-11,BER
TCGA-BH-A0BA,6.746712228826362e-28,9.324207055782457e-07,0.2632218740926286,0.7367771934866657,MMR
TCGA-BH-A0BC,1.2072707059106597e-43,1.7850665239964838e-13,1.865223695056174e-08,0.9999999813475845,MMR
TCGA-BH-A0BF,1.3887453645727222e-32,6.936372041139718e-12,0.0003133943898217892,0.9996866056032417,MMR
TCGA-BH-A0BG,2.808092063786394e-07,0.00033445685989657296,0.8913152997757684,0.10834996255512855,HR
TCGA-BH-A0BJ,7.822007080338264e-13,8.074316926715985e-09,0.00010518554702041234,0.9998948063778805,MMR
TCGA-BH-A0BL,2.841184888448769e-23,2.5650751770468447e-08,0.0006559920961108247,0.9993439822531374,MMR
TCGA-BH-A0BM,3.22699350553851e-05,8.21969566552989e-11,0.992946025848372,0.0070217041343756375,HR
TCGA-BH-A0BO,4.261288476645439e-33,2.9580313304620214e-10,1.4467862536271214e-06,0.9999985529179434,MMR
TCGA-BH-A0BP,3.457292479875348e-24,1.780803018225991e-09,7.176487554198756e-05,0.999928233343655,MMR
TCGA-BH-A0BQ,2.733014001745282e-31,9.314722121896479e-15,1.886287595750312e-11,0.9999999999811278,MMR
TCGA-BH-A0BS,3.468575223425772e-32,1.3260918985368453e-07,0.21686681344876582,0.7831330539420444,MMR
TCGA-BH-A0BT,1.1184830495184142e-13,0.0001921129449295156,0.9992553856459468,0.0005525014090118523,HR
TCGA-BH-A0BV,8.200904232853937e-26,1.2280641547769968e-11,9.030091517125415e-12,0.9999999999786893,MMR
TCGA-BH-A0BW,2.135557654877638e-15,7.27610653478141e-07,3.0050228326623608e-05,0.9999692221610178,MMR
TCGA-BH-A0BZ,5.545182769018317e-11,1.2550778183344904e-06,0.9999960873356831,2.6575310466678958e-06,HR
TCGA-BH-A0C0,2.2643250339761247e-24,1.4298940842651898e-07,0.00022208507708952057,0.9997777719335021,MMR
TCGA-BH-A0C1,5.030617741117096e-17,3.219027328444435e-20,3.469137258584755e-10,0.9999999996530862,MMR
TCGA-BH-A0C3,4.680849031070661e-47,1.7042538367270222e-15,3.0136162432088624e-11,0.9999999999698621,MMR
TCGA-BH-A0C7,7.288876062637097e-43,3.758315293320774e-14,5.041251665767684e-10,0.9999999994958373,MMR
TCGA-BH-A0DD,8.109702965783793e-41,9.80059010650381e-15,3.652044329944054e-12,0.9999999999963383,MMR
TCGA-BH-A0DE,1.8098529380149408e-26,1.851701520976611e-08,1.6072858692878062e-05,0.999983908624292,MMR
TCGA-BH-A0DG,1.6790297024279044e-10,0.0011747234714967936,0.054956401791778985,0.9438688745688213,MMR
TCGA-BH-A0DH,5.3817885031671586e-46,3.556279116037294e-16,4.4272123021627385e-13,0.999999999999557,MMR
TCGA-BH-A0DI,8.963073187036729e-35,5.6058154728285877e-11,4.20948743822582e-07,0.9999995789951979,MMR
TCGA-BH-A0DK,1.7295365261238905e-28,3.112666294290564e-09,2.4751168935020292e-06,0.9999975217704401,MMR
TCGA-BH-A0DL,2.0808929969264797e-12,0.001283350081664339,0.2115280997923983,0.7871885501238564,MMR
TCGA-BH-A0DO,1.4376327509621195e-12,3.2895759875992486e-08,0.7946835792702481,0.20531638783255443,HR
TCGA-BH-A0DP,9.0737099201769e-06,5.573732865208149e-08,0.9997143960274957,0.00027647452525563756,HR
TCGA-BH-A0DQ,1.9882513498098317e-13,1.0452158896706345e-05,8.921414343049262e-05,0.9999003336974739,MMR
TCGA-BH-A0DT,9.847242527589114e-47,4.93591342199849e-20,1.8895772437470798e-20,1.0,MMR
TCGA-BH-A0DV,1.2824314026507983e-19,1.1123062058058234e-06,0.9999960104927005,2.8772010938030006e-06,HR
TCGA-BH-A0DX,3.1961197866799673e-27,4.793199174951412e-10,2.9397036720603225e-08,0.9999999701236433,MMR
TCGA-BH-A0DZ,0.0003251908579931525,0.03844471752038823,0.12742460185292873,0.8338054897686898,MMR
TCGA-BH-A0E0,2.7890229583823136e-31,1.7253198241459819e-13,8.061413240737044e-14,0.9999999999997469,MMR
TCGA-BH-A0E1,5.861148242476388e-46,7.84045288891228e-20,5.358160861975017e-20,1.0,MMR
TCGA-BH-A0E9,5.045598349601832e-35,1.0348016285622839e-18,2.472301004277269e-11,0.9999999999752769,MMR
TCGA-BH-A0EA,1.2305766333802294e-25,3.5529382849281167e-06,0.512276237326844,0.48772020973487107,HR
TCGA-BH-A0EI,1.4066676579942434e-38,6.383484521144653e-15,1.7660203324227782e-13,0.999999999999817,MMR
TCGA-BH-A0H3,5.189843024673811e-30,5.700277142091075e-13,2.910955001546748e-13,0.9999999999991389,MMR
TCGA-BH-A0H5,0.006098427613508857,0.04765258660449801,0.07867024164510306,0.8675787441368901,MMR
TCGA-BH-A0H7,2.6471115819721765e-41,1.286871404721188e-17,7.133448112568415e-18,1.0,MMR
TCGA-BH-A0H9,2.6754223940132836e-11,3.833379056634767e-05,2.9465544166497067e-05,0.9999322006385128,MMR
TCGA-BH-A0HA,2.0045723560700334e-31,8.036596153322543e-11,3.043898543052954e-08,0.9999999694806485,MMR
TCGA-BH-A0HI,3.350736324937825e-26,1.2227378515613187e-06,0.06577427662632587,0.9342245006358226,MMR
TCGA-BH-A0HK,3.880578990164225e-12,0.0004797390208126289,3.3010023856014945e-06,0.9995169599729213,MMR
TCGA-BH-A0HN,5.742250374723644e-27,7.1478573818290825e-09,6.810144054536323e-06,0.999993182708088,MMR
TCGA-BH-A0HP,2.754581502062709e-08,0.004869863810068883,0.06043476506032577,0.9346953435837905,MMR
TCGA-BH-A0RX,4.814949729049285e-21,4.49403740157798e-12,1.3445031723142572e-08,0.9999999865504743,MMR
TCGA-BH-A0W3,7.902275364527466e-15,0.27934911380887023,0.7204869557058056,0.00016393048531642584,HR
TCGA-BH-A0W4,4.517878700559913e-25,1.8343889332314091e-10,2.5305205144694437e-05,0.9999746946114163,MMR
TCGA-BH-A0W5,4.725870142293445e-41,6.0879216450148126e-12,1.511489442496283e-06,0.9999984885044695,MMR
TCGA-BH-A0W7,1.4056080029533762e-06,0.021959100287145726,0.3012336908559712,0.6768058032488802,MMR
TCGA-BH-A0WA,1.4595187153460812e-12,0.0014849414308713339,0.6458209467888764,0.3526941117787927,HR
TCGA-BH-A18F,1.4500110776448026e-30,1.5190927726590585e-13,1.2626945349686546e-13,0.9999999999997218,MMR
TCGA-BH-A18G,1.3412778598795882e-17,1.408642428233437e-17,1.354605700748857e-10,0.9999999998645395,MMR
TCGA-BH-A18H,7.607230138137651e-19,1.0966735860259813e-08,0.9754010036542807,0.024598985378983213,HR
TCGA-BH-A18I,1.0113474491229219e-23,4.3297748433260245e-08,1.3884190459061138e-05,0.9999860725117925,MMR
TCGA-BH-A18J,1.8906078678074543e-12,0.0009217782507506215,0.1265971480541264,0.8724810736932325,MMR
TCGA-BH-A18K,3.356655625921721e-20,2.9385683678902727e-05,0.9710182520105229,0.028952362305798163,HR
TCGA-BH-A18L,2.3828478902897934e-44,8.549081611668932e-20,6.333091261745103e-12,0.9999999999936668,MMR
TCGA-BH-A18M,1.677152979100104e-09,0.0002158773985871479,0.00017353442418791476,0.9996105865000718,MMR
TCGA-BH-A18N,3.440220499471204e-41,2.8048573298799185e-13,3.485797561628286e-09,0.9999999965139219,MMR
TCGA-BH-A18P,1.6228522535783746e-07,0.0038071312460601224,0.027080891801698224,0.9691118146670163,MMR
TCGA-BH-A18Q,1.6242862778031192e-12,1.3770472323931483e-08,0.9999809474467227,1.9038781180718524e-05,HR
TCGA-BH-A18R,8.027993449505645e-23,1.7361630508017357e-06,0.9998376209671301,0.000160642869818978,HR
TCGA-BH-A18S,2.714233141464884e-08,0.006916448882574896,0.7637131857487441,0.2293703382263495,HR
TCGA-BH-A18T,3.1762959187305454e-06,0.0002304697866486752,0.9790489755053396,0.02071737841209286,HR
TCGA-BH-A18U,3.823989098699531e-24,8.94741288653872e-06,0.0005006000569399909,0.9994904525301733,MMR
TCGA-BH-A18V,1.858312915621402e-10,2.7649133582157833e-06,0.9999928506411316,4.384259679016648e-06,HR
TCGA-BH-A1EO,1.3119815779824075e-63,2.706740188544123e-23,4.0077895473282596e-25,1.0,MMR
TCGA-BH-A1ET,1.316057575966023e-34,3.7302430965294144e-13,0.00031247429687757453,0.9996875257027494,MMR
TCGA-BH-A1EU,1.2547090889305325e-29,1.6174308687312342e-11,0.0001204679875387577,0.999879531996287,MMR
TCGA-BH-A1EV,2.5991100055296183e-13,0.0006732725348662251,0.1919990586903282,0.8073276687745456,MMR
TCGA-BH-A1EW,9.985546364253453e-08,1.569433533049691e-05,0.053271800580648246,0.9467124052285576,MMR
TCGA-BH-A1EX,4.0916866019362545e-40,2.271471740685727e-11,2.59333801964679e-05,0.9999740665970888,MMR
TCGA-BH-A1EY,2.9553878727459636e-30,4.1467889036761515e-09,4.3825213443679724e-05,0.9999561706397675,MMR
TCGA-BH-A1F0,9.924786158866888e-22,0.011912192623177933,0.06892422965510077,0.9191635777217212,MMR
TCGA-BH-A1F2,4.327788862531582e-16,3.3736854915071335e-09,0.00019488516754637036,0.9998051114587676,MMR
TCGA-BH-A1F5,1.1510954058423124e-09,1.0947821438450221e-05,9.131649741987858e-05,0.9998977345300463,MMR
TCGA-BH-A1F6,1.1975918873527864e-16,1.4442920644044658e-07,7.61478386314787e-08,0.9999997794229547,MMR
TCGA-BH-A1F8,9.767976447740339e-11,0.0036854729777055758,0.5540367476704923,0.4422777792541223,HR
TCGA-BH-A1FC,2.0891894253034592e-31,1.2317035964069544e-09,7.788901188567537e-06,0.9999922098671078,MMR
TCGA-BH-A1FE,0.999355289451277,2.2154149458937615e-17,5.318119365451352e-09,0.0006447052306034242,BER
TCGA-BH-A1FG,9.70080994923648e-44,9.999104482845477e-15,1.6352854669628174e-10,0.9999999998364615,MMR
TCGA-BH-A1FH,1.856786375364493e-42,3.3298603158103156e-20,1.7738262479926109e-16,0.9999999999999998,MMR
TCGA-BH-A1FJ,1.467642102034508e-38,1.2635036604237389e-18,1.1934266541362347e-15,0.9999999999999989,MMR
TCGA-BH-A1FL,3.1084898250298404e-40,5.973215334368014e-13,7.237091424379511e-09,0.9999999927623111,MMR
TCGA-BH-A1FM,3.9484816257618755e-37,3.4145851513696217e-13,2.495324932333167e-10,0.9999999997501261,MMR
TCGA-BH-A1FN,1.6856372733073605e-17,6.684269893885511e-05,0.9907017411333506,0.009231416167710458,HR
TCGA-BH-A1FR,6.802766416779852e-36,2.2923694714613622e-11,0.00017480250892722287,0.9998251974681491,MMR
TCGA-BH-A1FU,1.123155621726216e-20,1.3953455642503022e-05,0.9899382184778995,0.010047828066457912,HR
TCGA-BH-A201,9.88020013476701e-22,1.5617457647897108e-06,0.041308336195156205,0.958690102059079,MMR
TCGA-BH-A202,4.253987135510254e-34,9.642214600830936e-12,4.3098131014556114e-08,0.9999999568922268,MMR
TCGA-BH-A203,1.7859894770359907e-40,1.726905512312551e-15,1.2913828573091484e-13,0.9999999999998692,MMR
TCGA-BH-A204,3.332452341416031e-32,2.367713402527553e-10,5.030044088573068e-07,0.9999994967588198,MMR
TCGA-BH-A208,0.0005002041343486327,0.0010017886143601307,0.00108622589115018,0.9974117813601411,MMR
TCGA-BH-A209,1.5511503275022521e-07,0.013496443118608635,0.37098503707229985,0.6155183646940587,MMR
TCGA-BH-A28Q,1.730358094075389e-12,0.0005880134388687364,0.03640383022726906,0.9630081563321318,MMR
TCGA-BH-A2L8,5.29497038678454e-06,0.013434983049020374,0.055857838295706896,0.9307018836848859,MMR
TCGA-BH-A42U,1.3126000237072086e-21,3.2157324386122587e-09,4.653437823698132e-09,0.9999999921308297,MMR
TCGA-BH-A42V,1.5406717720252539e-06,0.024730289945333498,0.36659634249883644,0.6086718268840581,MMR
TCGA-BH-A5IZ,3.637575804684245e-18,7.804083110247694e-08,0.000576436882531078,0.9994234850766378,MMR
TCGA-BH-A5J0,2.3740751575126715e-20,7.257334881512206e-07,0.0002134988807342994,0.9997857753857775,MMR
TCGA-BH-A6R8,4.0422803341976713e-41,1.1545635494072887e-17,2.986626502048994e-14,0.99999999999997,MMR
TCGA-BH-A6R9,3.3714561852949363e-34,6.702000004456163e-09,0.0030305829094333563,0.9969694103885666,MMR
TCGA-BH-A8FY,1.0605685660920059e-07,0.010885035909055965,0.8457773844053141,0.14333747362877336,HR
TCGA-BH-A8FZ,1.0690516879949168e-05,0.004093730080372318,0.0053469645747045245,0.9905486148280431,MMR
TCGA-BH-A8G0,3.144337826451609e-12,0.00010232181551515454,0.0010891483528320972,0.9988085298285084,MMR
TCGA-BH-AB28,2.607714201610286e-25,4.7622901814854596e-08,0.00010934425195603019,0.9998906081251421,MMR
TCGA-C8-A12K,1.619902556211134e-08,0.0005126869697857609,0.00044975415320222176,0.9990375426779864,MMR
TCGA-C8-A12L,1.4337858147761292e-10,3.861545353081284e-08,0.5833690461146788,0.4166309151264891,HR
TCGA-C8-A12M,2.5793821826384275e-43,2.310625189599836e-13,3.468145432948906e-08,0.9999999653183146,MMR
TCGA-C8-A12N,6.497776592203653e-24,2.3039018384745583e-12,8.231939063277752e-07,0.9999991768037897,MMR
TCGA-C8-A12O,2.931569577832144e-39,7.230738501762796e-14,3.187465941886297e-11,0.9999999999680531,MMR
TCGA-C8-A12P,3.4267616515654158e-15,0.00035476034318952473,0.2087616096266848,0.7908836300301222,MMR
TCGA-C8-A12Q,6.298709849175288e-13,0.0009847741343572598,0.5290578379538301,0.4699573879111828,HR
TCGA-C8-A12T,2.921972954133605e-13,0.00010023774194670502,0.0024152481471594175,0.9974845141106016,MMR
TCGA-C8-A12U,3.833461131636467e-18,2.428860258808211e-05,0.009027376166006816,0.990948335231405,MMR
TCGA-C8-A12V,3.0389735415455133e-23,4.09624732709337e-07,0.9557286717105664,0.04427091866470094,HR
TCGA-C8-A12W,1.2329869441480473e-42,8.333357875553179e-15,1.040856706340409e-11,0.999999999989583,MMR
TCGA-C8-A12X,1.0726338461451335e-17,7.708912531604706e-10,0.014460912771721119,0.9855390864573875,MMR
TCGA-C8-A12Y,3.5888523258955966e-35,1.0042397693967727e-11,2.0477944754966407e-08,0.9999999795120129,MMR
TCGA-C8-A12Z,8.055330595333628e-11,3.844316735127219e-09,1.1205511627561865e-06,0.9999988755239672,MMR
TCGA-C8-A130,3.387020525170275e-56,9.321041952531338e-22,6.644264201712945e-20,1.0,MMR
TCGA-C8-A131,6.7111554332259e-17,7.947412686841617e-05,0.9822669641687466,0.017653561704384698,HR
TCGA-C8-A132,1.7381132276959844e-15,8.869909264277742e-08,0.00028992817366291104,0.9997099831272428,MMR
TCGA-C8-A133,1.651420230858357e-12,0.08788589278765832,0.8071725288300121,0.10494157838067815,HR
TCGA-C8-A134,0.012405319465950181,1.0420878814424446e-08,0.9868499129628375,0.0007447571503332906,HR
TCGA-C8-A135,3.035885533258509e-47,2.6265089881232908e-15,1.0757165756114723e-10,0.9999999998924256,MMR
TCGA-C8-A137,6.060232299239164e-26,2.688335011425104e-10,5.116377988260032e-09,0.9999999946147884,MMR
TCGA-C8-A138,1.1005084759797445e-41,7.585262467283106e-14,3.714925486444395e-10,0.9999999996284317,MMR
TCGA-C8-A1HE,8.052854169720341e-24,6.93338165568751e-06,0.3799126564512383,0.620080410167106,MMR
TCGA-C8-A1HF,2.162288265904368e-30,2.9072208111171145e-07,0.25662770514665945,0.7433720041312595,MMR
TCGA-C8-A1HG,1.2603854457379333e-22,1.5465576852301527e-06,0.0030159285162222127,0.9969825249260926,MMR
TCGA-C8-A1HI,3.625674408869574e-40,2.2647764798401467e-15,8.049183759314175e-14,0.9999999999999172,MMR
TCGA-C8-A1HJ,1.7531622327912843e-16,3.016040755954785e-07,0.9998770187963775,0.00012267959954673994,HR
TCGA-C8-A1HK,6.06439824089362e-11,1.2147513806743371e-07,0.03772862933209847,0.9622712491321196,MMR
TCGA-C8-A1HL,8.157749763638662e-14,0.0006111500522369123,0.14610845997124025,0.8532803899764412,MMR
TCGA-C8-A1HM,4.384365451196238e-12,0.001242648375487754,0.1254766146960862,0.8732807369240416,MMR
TCGA-C8-A1HN,9.19632402615741e-44,2.955239783724345e-14,5.098371031129036e-10,0.9999999994901334,MMR
TCGA-C8-A1HO,1.4534159670484164e-12,7.531390815827077e-05,0.0014429351240904402,0.998481750966298,MMR
TCGA-C8-A26V,2.2499027549090678e-23,1.4670988562727675e-06,0.006624642050024285,0.9933738908511194,MMR
TCGA-C8-A26W,5.173457256314727e-20,1.9592479471351594e-05,0.11572610230335002,0.8842543052171786,MMR
TCGA-C8-A26X,1.2727856721942751e-19,1.5017386955393838e-08,0.9951540423498283,0.004845942632784653,HR
TCGA-C8-A26Y,7.513441691292462e-10,0.005379467127915317,0.7854571398072304,0.20916339231351014,HR
TCGA-C8-A26Z,2.231348666141303e-24,8.89908162564686e-07,0.005705291209655897,0.9942938188821815,MMR
TCGA-C8-A273,6.62111353528671e-51,1.8879391572889365e-14,2.01247906866015e-17,0.9999999999999811,MMR
TCGA-C8-A274,2.1294509792423674e-13,0.00037178078910226844,0.04507109635305916,0.9545571228576255,MMR
TCGA-C8-A275,2.502781967022639e-13,0.00011004546225931474,0.0023700077225938965,0.9975199468148964,MMR
TCGA-C8-A278,2.4943162042869687e-36,6.954098150161596e-12,2.467495326243623e-08,0.9999999753180925,MMR
TCGA-C8-A27A,3.5283931572079775e-31,3.098215425340339e-10,1.3558152745523228e-06,0.9999986438749039,MMR
TCGA-C8-A27B,1.8906337437499543e-13,0.0006197350832518087,0.9831768425072758,0.016203422409283408,HR
TCGA-C8-A3M7,3.1147471554721264e-16,1.0089208950950448e-05,0.0008111330699107816,0.999178777721138,MMR
TCGA-C8-A3M8,1.4876391061148213e-31,2.368275311780216e-11,2.6661565601904916e-09,0.9999999973101608,MMR
TCGA-C8-A8HP,2.2491358219246462e-08,0.0023525623972765713,0.024068342520569656,0.9735790725907956,MMR
TCGA-C8-A8HQ,1.0131450436555634e-09,0.00011869365982710018,0.00020953817497967073,0.9996717671520482,MMR
TCGA-C8-A8HR,3.9813434873216135e-28,8.870563776483867e-07,0.19840328764347942,0.8015958253001428,MMR
TCGA-C8-A9FZ,1.3250138076415791e-15,3.98279952448621e-06,2.6602577359925982e-05,0.9999694146231142,MMR
TCGA-D8-A13Y,4.4438651785946244e-29,1.2896897677027216e-07,0.009468858981739447,0.9905310120492837,MMR
TCGA-D8-A13Z,2.386485592633872e-10,1.2685445706711752e-05,0.5570159700650219,0.44297134425062296,HR
TCGA-D8-A140,4.1585399014911606e-22,1.0642746186467689e-07,1.0355761256703155e-05,0.9999895378112814,MMR
TCGA-D8-A141,5.591957000775634e-19,1.4668887911561415e-05,0.9996580736566479,0.00032725745544046037,HR
TCGA-D8-A142,1.1381846160609194e-33,5.8033467683372484e-12,1.2206918279179232e-06,0.9999987793023688,MMR
TCGA-D8-A143,3.4846273174889205e-34,5.823081144228954e-12,1.8078524727606824e-09,0.9999999981863243,MMR
TCGA-D8-A145,1.6675523746962846e-21,2.1135652009300578e-05,0.8986192895311723,0.10135957481681833,HR
TCGA-D8-A146,5.5225341532964345e-39,1.7653055408433238e-13,3.5051730227276224e-10,0.9999999996493061,MMR
TCGA-D8-A147,3.016084045286448e-13,4.265924333851107e-06,0.9997909340973378,0.00020479997802682923,HR
TCGA-D8-A1J8,6.356860056492717e-11,7.404127210780797e-08,0.007867716558300408,0.992132209336859,MMR
TCGA-D8-A1J9,0.0007514359114105455,0.0220747939521465,0.03433120274955358,0.9428425673868894,MMR
TCGA-D8-A1JB,1.2659082356998817e-20,1.0091874201501169e-05,0.9987093492565429,0.001280558869255709,HR
TCGA-D8-A1JC,2.621949438929057e-20,9.07706446462213e-07,0.00022799112178528689,0.9997711011717682,MMR
TCGA-D8-A1JD,2.8150151889097777e-10,9.265367436642016e-05,8.0260064558538e-05,0.9998270859795735,MMR
TCGA-D8-A1JE,1.966833815032354e-38,8.831749632551274e-13,2.3303639359212315e-09,0.9999999976687528,MMR
TCGA-D8-A1JF,1.857511061916603e-38,2.9090319773226025e-12,2.70325510531428e-08,0.99999997296454,MMR
TCGA-D8-A1JG,3.383842414041783e-24,4.593255323952237e-09,4.707069665836757e-06,0.999995288337079,MMR
TCGA-D8-A1JH,8.821063690644458e-37,1.4754050258772477e-13,0.9999989328379959,1.067161856629343e-06,HR
TCGA-D8-A1JI,1.0138656960440255e-31,7.0932843871921545e-09,0.0003058183779546535,0.9996941745287611,MMR
TCGA-D8-A1JJ,5.131527939765808e-20,2.9184056681305677e-08,0.008429672588402246,0.9915702982275411,MMR
TCGA-D8-A1JK,8.301615359295494e-17,7.710985958579018e-06,0.9999881860893727,4.102924668579382e-06,HR
TCGA-D8-A1JL,4.224834727816723e-24,6.800683175153732e-07,0.9936409622617288,0.006358357669953641,HR
TCGA-D8-A1JM,2.043346660139672e-19,3.949588347203258e-05,0.0880590089634905,0.9119014951530374,MMR
TCGA-D8-A1JN,8.038167688663306e-11,0.00020140018645783942,0.002373101731442346,0.9974254980017182,MMR
TCGA-D8-A1JP,0.00010259102160392421,0.0683508105251643,0.2691674271995698,0.662379171253662,MMR
TCGA-D8-A1JS,8.810995467456829e-42,4.813220933657794e-14,1.870722277423695e-10,0.9999999998128797,MMR
TCGA-D8-A1JT,2.203775865515058e-43,5.983654765351397e-14,1.1909588686782313e-09,0.9999999988089814,MMR
TCGA-D8-A1JU,7.815938637126837e-43,1.2736780233793303e-16,2.638911803943315e-15,0.9999999999999973,MMR
TCGA-D8-A1X5,1.1620362067970373e-33,1.33055386281738e-09,6.387848357193168e-09,0.9999999922815977,MMR
TCGA-D8-A1X6,7.731590803545113e-13,0.0008858579512490212,0.9738794082397461,0.025234733808231602,HR
TCGA-D8-A1X7,9.994298862518588e-39,7.193487950223756e-13,2.041983851617058e-09,0.9999999979572969,MMR
TCGA-D8-A1X9,5.006505748534412e-11,2.8924233928965303e-05,2.670629831976883e-05,0.9999443694176862,MMR
TCGA-D8-A1XA,3.067240953883551e-10,3.6857141389142263e-06,0.0027734963365426443,0.9972228176425945,MMR
TCGA-D8-A1XB,2.581195406850794e-35,4.673301582616679e-10,5.646477692918849e-05,0.9999435347557405,MMR
TCGA-D8-A1XC,4.4233421895326497e-10,3.4227460038329814e-16,0.00022284200932159938,0.9997771575483437,MMR
TCGA-D8-A1XF,7.53644173142051e-34,1.599749985166661e-12,2.332018521072521e-11,0.9999999999750802,MMR
TCGA-D8-A1XG,8.874281756570323e-22,6.104929757338853e-06,0.018661457036094106,0.9813324380341485,MMR
TCGA-D8-A1XK,4.017522134110085e-14,4.840567945527882e-10,4.4709933796670886e-14,0.9999999995158584,MMR
TCGA-D8-A1XL,1.5058757091431116e-22,1.783637010468869e-07,0.9990612788132502,0.0009385428230487927,HR
TCGA-D8-A1XM,1.5501063105117445e-30,2.1427927420363005e-11,2.802657109876268e-09,0.999999997175915,MMR
TCGA-D8-A1XO,5.975217726321567e-24,3.20620285843857e-11,1.6224041063469376e-05,0.9999837759268744,MMR
TCGA-D8-A1XQ,6.841311648070794e-34,2.07653789256969e-11,1.6455023741933107e-08,0.9999999835242108,MMR
TCGA-D8-A1XR,6.206695050805822e-08,3.437475558919443e-05,0.08488162006048511,0.9150839431169752,MMR
TCGA-D8-A1XS,5.887484574106762e-22,2.423958171970514e-10,2.0039381330066174e-10,0.9999999995572104,MMR
TCGA-D8-A1XT,5.848506190897949e-10,0.3171269870260927,0.6764387659248229,0.006434246464233855,HR
TCGA-D8-A1XU,2.579402757140832e-17,0.00010498113777702189,0.9746421124242424,0.02525290643798063,HR
TCGA-D8-A1XV,5.829438505806933e-40,6.340019824931726e-13,5.236578382614385e-09,0.9999999947627876,MMR
TCGA-D8-A1XW,1.3638231397073953e-15,8.71821676760293e-07,0.9586858977752675,0.041313230403054346,HR
TCGA-D8-A1XY,1.3556852220183276e-26,2.289759693683833e-09,2.9908575596775417e-07,0.9999996986244843,MMR
TCGA-D8-A1XZ,2.5103129545524817e-33,1.441198911719972e-20,1.7354723808267227e-16,0.9999999999999998,MMR
TCGA-D8-A1Y0,2.342652363729273e-05,0.009118878863859276,0.015483112740865354,0.9753745818716381,MMR
TCGA-D8-A1Y1,6.7938653500514685e-77,1.3142667973939517e-29,2.449320795040543e-27,1.0,MMR
TCGA-D8-A1Y2,7.773451114248732e-44,2.8606134545406285e-17,5.443868387470488e-16,0.9999999999999993,MMR
TCGA-D8-A1Y3,9.56225360198581e-34,3.5014083306570876e-11,4.404346721971615e-08,0.9999999559215187,MMR
TCGA-D8-A27E,2.234565718280192e-26,1.1037132514630555e-10,0.9997757521127345,0.00022424777689418522,HR
TCGA-D8-A27F,5.519474013876016e-18,2.4855428265718687e-05,0.891129904776313,0.10884523979542116,HR
TCGA-D8-A27G,3.351476869879899e-06,0.026036120083585267,0.3121536797231821,0.6618068487163628,MMR
TCGA-D8-A27H,3.077690032769785e-10,6.84340658071532e-06,0.9989908235009684,0.001002332784681871,HR
TCGA-D8-A27I,1.3765360573655073e-36,4.2376804640848866e-12,1.1323853158529797e-08,0.9999999886719092,MMR
TCGA-D8-A27K,3.6556743126955515e-25,2.6800470594885053e-07,0.0009308418437964303,0.9990688901514976,MMR
TCGA-D8-A27L,1.6790579496005726e-22,5.884084302173062e-10,4.6218248239164456e-10,0.999999998949409,MMR
TCGA-D8-A27M,5.61209293736132e-08,6.721309094266614e-05,0.9817895710411638,0.018143159746964208,HR
TCGA-D8-A27N,1.468488984879949e-48,2.7889114402231726e-17,3.3847713823614006e-14,0.999999999999966,MMR
TCGA-D8-A27P,8.686845398543737e-24,1.45554495315881e-06,0.9994207766672408,0.0005777677878059567,HR
TCGA-D8-A27R,6.275632373260586e-20,3.184288378993705e-06,0.004713732748428503,0.9952830829631926,MMR
TCGA-D8-A27T,4.335612218771978e-24,8.648672036473674e-08,4.479917641632234e-05,0.9999551143368632,MMR
TCGA-D8-A27V,2.886139871602585e-06,0.0029134577661407766,0.003571390472823054,0.9935122656211646,MMR
TCGA-D8-A27W,5.770943614059609e-57,2.6526558244661256e-26,8.723133455087549e-20,1.0,MMR
TCGA-D8-A3Z6,5.549789048051059e-29,5.450455939274631e-15,2.41542174663301e-06,0.9999975845782478,MMR
TCGA-D8-A4Z1,3.339697408710239e-13,1.6735118992763523e-05,6.0280934841979834e-05,0.9999229839458313,MMR
TCGA-D8-A73U,6.393627112706024e-15,0.00014354593520139391,0.03151634992082665,0.9683401041439655,MMR
TCGA-D8-A73W,8.862191895044892e-37,9.443133891365542e-11,8.400761535542731e-06,0.9999915991440332,MMR
TCGA-D8-A73X,6.850107432525612e-49,6.287541294431014e-16,2.515843413679418e-11,0.999999999974841,MMR
TCGA-E2-A105,3.0372580326986466e-10,7.38156018542371e-10,8.385492060178199e-07,0.9999991604089121,MMR
TCGA-E2-A107,4.420504358130243e-47,2.2737933863495205e-14,7.866550456903866e-09,0.9999999921334269,MMR
TCGA-E2-A108,1.2391057000696352e-13,0.0009481041610316739,0.767551972926069,0.23149992291277535,HR
TCGA-E2-A109,1.0380420492723628e-18,2.2175032960261564e-10,1.967855675521307e-05,0.9999803212214945,MMR
TCGA-E2-A10A,0.11734340738405684,0.14343316800837735,0.11680713251919111,0.6224162920883747,MMR
TCGA-E2-A10B,7.412910831178458e-27,1.901091965819969e-06,0.535226589093244,0.46477150981479015,HR
TCGA-E2-A10C,0.0015898415009921243,0.043275713714588805,0.09216065635871164,0.8629737884257075,MMR
TCGA-E2-A10F,4.0855647580037417e-47,2.844915713697611e-16,8.34016943349795e-13,0.9999999999991658,MMR
TCGA-E2-A14N,9.30752351285485e-20,3.678265628403284e-07,0.9995106917882687,0.0004889403851684435,HR
TCGA-E2-A14O,6.625091562210018e-19,1.1773220654816003e-08,1.213538684650102e-08,0.9999999760913926,MMR
TCGA-E2-A14P,5.417903266172076e-38,2.0620937304998773e-12,1.0053660976444639e-08,0.999999989944277,MMR
TCGA-E2-A14Q,6.519884120674996e-23,1.1957393366456554e-05,0.3120302001989906,0.687957842407643,MMR
TCGA-E2-A14R,1.8226244820171518e-17,0.0001420617185360514,0.9362887385539471,0.06356919972751693,HR
TCGA-E2-A14T,3.3996024394627267e-41,4.532476069498491e-12,1.1849182611753199e-06,0.9999988150772064,MMR
TCGA-E2-A14V,8.889255258781642e-29,3.6473743677547003e-09,8.812660809273264e-06,0.9999911836918164,MMR
TCGA-E2-A14W,8.643522496780855e-19,2.0543626813757756e-08,0.9999987029117425,1.2765446307653325e-06,HR
TCGA-E2-A14X,4.1260359325771186e-48,4.015589171470657e-18,5.729374819839037e-16,0.9999999999999993,MMR
TCGA-E2-A14Y,1.9507665147250266e-13,0.00024803995205802,0.016742787783112542,0.9830091722646345,MMR
TCGA-E2-A14Z,2.0394291539783477e-25,2.960946893957045e-06,0.5981956430336983,0.4018013960194077,HR
TCGA-E2-A150,1.4479204590891544e-14,1.5677630513081388e-05,0.004958239658661825,0.9950260827108105,MMR
TCGA-E2-A152,2.624875952146878e-08,0.0035459898594012197,0.06770907313878728,0.9287449107530519,MMR
TCGA-E2-A153,1.8620610370432177e-59,2.864005501908188e-22,1.182623363769207e-19,1.0,MMR
TCGA-E2-A154,7.387168192279061e-38,1.2551486665413453e-13,1.013603140419913e-14,0.9999999999998643,MMR
TCGA-E2-A155,1.2951339615677897e-25,4.199337474914269e-12,0.0013847303978505577,0.99861526959795,MMR
TCGA-E2-A156,2.5842797044027817e-22,1.662725968508571e-05,0.7802933825799279,0.21968999016038693,HR
TCGA-E2-A158,2.3107760912360333e-18,8.807208320343248e-07,0.9472687205414332,0.05273039873773479,HR
TCGA-E2-A159,3.9946977810794055e-13,0.000396391131528877,0.0341794976451223,0.9654241112229492,MMR
TCGA-E2-A15A,8.045164868153166e-34,3.5392936783325645e-08,4.77054196962647e-07,0.9999994875528663,MMR
TCGA-E2-A15C,2.7953061123810076e-14,4.079026474920398e-11,0.0004676098585282009,0.9995323901006535,MMR
TCGA-E2-A15D,4.516614451977176e-41,8.780881541879678e-18,4.148355603577821e-18,1.0,MMR
TCGA-E2-A15E,4.2431428020788685e-40,4.2199418871539486e-15,1.8873284463531797e-13,0.999999999999807,MMR
TCGA-E2-A15F,4.981759930739798e-53,1.887412274965074e-17,1.0410378498375904e-12,0.9999999999989588,MMR
TCGA-E2-A15G,1.3803350713041222e-19,7.136117558454613e-07,0.000463181059777252,0.999536105328467,MMR
TCGA-E2-A15H,0.004708481402789264,0.1397189977420531,0.4285912960147815,0.42698122484037604,HR
TCGA-E2-A15I,4.7873354409717134e-48,1.372848135649088e-16,4.917938039817001e-13,0.9999999999995082,MMR
TCGA-E2-A15J,4.660866720005314e-23,4.6507447527754035e-06,0.9909459766162564,0.00904937263899086,HR
TCGA-E2-A15K,4.2055809199301233e-47,7.467403549384544e-16,6.477566830003178e-12,0.9999999999935216,MMR
TCGA-E2-A15L,4.179366443835646e-57,3.462528155773316e-17,1.8780422097868685e-10,0.9999999998121958,MMR
TCGA-E2-A15M,2.075087312801804e-14,0.0006826977702549164,0.4564925523534277,0.5428247498762966,MMR
TCGA-E2-A15O,1.6944343825647974e-48,6.051620709341773e-16,1.5463302980094207e-11,0.9999999999845361,MMR
TCGA-E2-A15P,2.473549153872702e-06,0.0030533980692340826,0.002965713389619857,0.9939784149919921,MMR
TCGA-E2-A15R,1.9347253260939957e-19,1.5243575483674518e-08,9.566248952545119e-09,0.9999999751901756,MMR
TCGA-E2-A15S,4.9668340807030197e-26,9.122805740786767e-08,0.8367999250100442,0.16319998376189834,HR
TCGA-E2-A15T,1.2196533433649417e-51,9.541182350804153e-17,7.31571425912556e-12,0.9999999999926843,MMR
TCGA-E2-A1AZ,5.317787126528207e-18,7.134429844030268e-05,0.3043171815247014,0.6956114741768583,MMR
TCGA-E2-A1B0,4.141172221598022e-07,0.017323674490674054,0.3966277924628253,0.5860481189292784,MMR
TCGA-E2-A1B1,3.5808109454180116e-14,3.339343249631695e-08,0.0001297605745833118,0.9998702060319483,MMR
TCGA-E2-A1B4,2.1223641414530807e-07,5.187038692822338e-07,0.999998929726464,3.393332526582747e-07,HR
TCGA-E2-A1B5,4.3457675993189857e-32,5.081204417369604e-10,3.0980822052383104e-06,0.9999969014096745,MMR
TCGA-E2-A1B6,5.037869920697273e-26,3.911068075044954e-09,0.00048192449291776585,0.9995180715960141,MMR
TCGA-E2-A1BC,2.742270995004161e-21,2.2218657269022215e-05,0.26346560037811306,0.7365121809646179,MMR
TCGA-E2-A1BD,1.2661345607994153e-23,1.0992713196391487e-06,0.003385371685574374,0.996613529043106,MMR
TCGA-E2-A1IE,2.088960500919966e-12,6.5761798726579716e-09,0.7362082664783552,0.2637917269433759,HR
TCGA-E2-A1IF,3.347632476214452e-33,9.967771699221693e-14,1.3101142383136354e-13,0.9999999999997693,MMR
TCGA-E2-A1IG,2.9220698673963297e-36,9.623887779369742e-13,9.276703936576839e-10,0.9999999990713673,MMR
TCGA-E2-A1IH,1.1041439444899407e-26,6.08487021049648e-07,0.027193811819476468,0.9728055796935023,MMR
TCGA-E2-A1II,1.684830774858338e-42,2.0103395223101197e-13,5.952542200003366e-09,0.9999999940472568,MMR
TCGA-E2-A1IJ,4.607667183293602e-53,1.447559596894481e-19,5.3135816940551525e-17,1.0,MMR
TCGA-E2-A1IK,7.850011672002702e-35,6.016868146476725e-12,2.8432478319700036e-08,0.9999999715615048,MMR
TCGA-E2-A1IL,1.113331481869622e-21,1.4518496710131497e-05,0.7500034775460214,0.24998200395726855,HR
TCGA-E2-A1IN,8.408825222869086e-13,0.000522737889982358,0.04626804515567396,0.9532092169535029,MMR
TCGA-E2-A1IO,7.119344504014594e-65,3.511466639757279e-24,4.383675142674547e-21,1.0,MMR
TCGA-E2-A1IU,8.817208029102727e-23,0.00015775203464274602,0.004339474766669985,0.9955027731986872,MMR
TCGA-E2-A1L6,1.5181627978804395e-22,2.9579086230597136e-09,0.9995512563128183,0.00044874072927317954,HR
TCGA-E2-A1L7,3.772443303882135e-22,2.4697174022089334e-06,0.01739193127658145,0.9826055990060164,MMR
TCGA-E2-A1L8,3.7276641040652577e-41,1.812436361065819e-11,1.5398390326198304e-05,0.9999846015915496,MMR
TCGA-E2-A1L9,1.4573078647667e-32,4.093850685469337e-14,0.0009674588790872391,0.9990325411208718,MMR
TCGA-E2-A1LA,1.91604536509681e-19,1.0592694646615392e-08,0.9999999852463997,4.160905773801158e-09,HR
TCGA-E2-A1LB,2.3214955613583025e-15,1.2408243675154156e-07,0.0036187925610291238,0.9963810833565317,MMR
TCGA-E2-A1LG,3.5406131434157576e-07,0.00580197171994964,0.03877126363784657,0.9554264105808894,MMR
TCGA-E2-A1LH,2.4737610618459747e-15,1.107669793008039e-06,0.9991141121935396,0.0008847801366649631,HR
TCGA-E2-A1LI,8.287578945419803e-15,0.00028990676501559947,0.07039961946313664,0.9293104737718394,MMR
TCGA-E2-A1LK,9.471985458730761e-51,3.615821985312574e-21,9.120735529466734e-21,1.0,MMR
TCGA-E2-A1LL,1.308934215066373e-29,5.511218231981301e-09,2.471842441123865e-05,0.9999752760643705,MMR
TCGA-E2-A2P6,2.9282211754377092e-15,2.767071907089489e-05,0.0024763358670454316,0.9974959934138808,MMR
TCGA-E2-A56Z,1.6714966001504129e-46,7.171276436908494e-20,2.5713668571318543e-20,1.0,MMR
TCGA-E2-A570,8.612103065025796e-14,2.264705170239166e-05,0.00015537741651856118,0.9998219755316928,MMR
TCGA-E2-A572,9.516379845040959e-54,3.375444019387675e-19,1.7053393838288362e-10,0.999999999829466,MMR
TCGA-E2-A573,2.5791646337271995e-19,1.0560931787344935e-07,0.9993903252681755,0.0006095691225067954,HR
TCGA-E2-A574,1.8953908190557256e-23,7.300889304907936e-08,2.4422514496550192e-05,0.9999755044766103,MMR
TCGA-E2-A576,1.6060643291949931e-49,1.5121950235151183e-17,2.1945877310717128e-14,0.999999999999978,MMR
TCGA-E2-A9RU,8.037357085835641e-40,1.4081661475001164e-16,3.052542495082421e-11,0.9999999999694744,MMR
TCGA-E9-A1N3,4.3981285395825185e-19,8.26762944765691e-05,0.7244578376258685,0.27545948607965487,HR
TCGA-E9-A1N4,2.1370306311013026e-33,2.9542501780577676e-12,5.949300511559225e-10,0.9999999994021156,MMR
TCGA-E9-A1N5,4.934215240647024e-19,1.0931356629936561e-08,0.9856242501201786,0.014375738948464731,HR
TCGA-E9-A1N8,5.831957324317899e-20,3.572299828827976e-06,0.9998802614988297,0.00011616620134143707,HR
TCGA-E9-A1N9,1.2810455725114679e-15,4.074158989309914e-05,0.9998996665759732,5.959183413240331e-05,HR
TCGA-E9-A1NA,8.088483444254252e-14,0.0010817319384897098,0.4410792885326354,0.5578389795287941,MMR
TCGA-E9-A1NE,7.658441345722517e-05,1.595500615597836e-05,0.9998826819646842,2.477861570267746e-05,HR
TCGA-E9-A1NF,6.906289779202124e-27,1.0699566071438845e-07,0.0008704057062292262,0.9991294872981101,MMR
TCGA-E9-A1NG,2.2950395566226576e-43,2.4382953142375807e-14,1.9929886006832932e-10,0.9999999998006768,MMR
TCGA-E9-A1NH,2.282257260814921e-42,9.201936256667454e-11,4.911081395399272e-07,0.9999995087998411,MMR
TCGA-E9-A1QZ,4.2593155786319156e-29,2.752918213064781e-09,4.613198656536129e-06,0.9999953840484251,MMR
TCGA-E9-A1R0,5.667616536360892e-44,3.1052619939734235e-16,6.02685726962059e-14,0.9999999999999394,MMR
TCGA-E9-A1R2,5.953103083718073e-24,8.948699244818773e-06,0.6949604431379925,0.30503060816276256,HR
TCGA-E9-A1R3,9.112989542617434e-39,4.4582027979703305e-11,1.0816179148260599e-05,0.9999891837762698,MMR
TCGA-E9-A1R4,8.861680813764134e-19,8.422006092855658e-05,0.584350802005265,0.4155649779338064,HR
TCGA-E9-A1R5,1.233512692854785e-53,3.995367775536326e-20,8.404419160113357e-18,1.0,MMR
TCGA-E9-A1R6,2.0781957211623603e-21,5.9136029952911345e-08,3.9833686807122545e-06,0.9999959574952894,MMR
TCGA-E9-A1R7,5.813176981084657e-20,2.2198767118875265e-07,0.9766719524044521,0.02332782560787654,HR
TCGA-E9-A1RA,3.8408545497739545e-38,1.4365433498364026e-11,5.138280385087459e-07,0.999999486157596,MMR
TCGA-E9-A1RB,4.506750006138673e-17,2.3901833075043168e-05,0.9998589343088288,0.00011716385809629869,HR
TCGA-E9-A1RC,1.5908670899564975e-46,9.339205832959004e-15,5.741208499870965e-10,0.9999999994258697,MMR
TCGA-E9-A1RD,2.5606731013395646e-10,1.7382355749453034e-11,0.00037283090256861424,0.9996271688239817,MMR
TCGA-E9-A1RE,2.5211212574659025e-20,5.941937139973975e-06,0.005577202903723231,0.9944168551591368,MMR
TCGA-E9-A1RF,3.5487375071143153e-20,5.368863472503504e-07,0.5491234928266082,0.45087597028704446,HR
TCGA-E9-A1RG,2.326393650630574e-19,2.4337587942405413e-09,0.9981666632657398,0.0018333343005014126,HR
TCGA-E9-A1RH,4.2558974674313094e-13,0.0014437368436118496,0.835592946298249,0.1629633168577136,HR
TCGA-E9-A1RI,1.0630204519006379e-31,5.744853719673089e-14,3.884568482340787e-14,0.9999999999999036,MMR
TCGA-E9-A226,2.175828442775864e-16,7.1424145084923855e-06,0.0004747284029072072,0.9995181291825841,MMR
TCGA-E9-A227,0.0002537583458381007,1.6485432820312777e-08,0.999745614528879,6.106398500034438e-07,HR
TCGA-E9-A228,6.520577760358273e-09,0.0013389849868189999,0.005966521092887677,0.9926944873997154,MMR
TCGA-E9-A229,4.992542373205798e-08,0.008265753197316776,0.9680611330965956,0.02367306378066381,HR
TCGA-E9-A22A,4.9546560117604846e-29,3.88137927270728e-10,7.6854481942679e-08,0.9999999227573801,MMR
TCGA-E9-A22B,4.073366510531148e-41,7.707233396484711e-13,3.027826984593944e-08,0.9999999697209594,MMR
TCGA-E9-A22D,3.323927041838827e-58,1.4729056775724291e-21,2.0324556646141488e-18,1.0,MMR
TCGA-E9-A22E,8.730373737231199e-20,6.624781564075679e-07,0.9920001515086538,0.007999186013189753,HR
TCGA-E9-A22G,1.740497594548819e-25,1.878068555419239e-07,0.9999946848383275,5.127354816941093e-06,HR
TCGA-E9-A22H,7.08886684367099e-58,5.280312477490872e-18,6.458924501896295e-17,1.0,MMR
TCGA-E9-A243,2.741991177549256e-21,2.839223665020253e-07,0.9910498990766845,0.00894981700094885,HR
TCGA-E9-A244,3.5138262321896595e-28,2.067643730427191e-09,0.0003914471121466774,0.9996085508202096,MMR
TCGA-E9-A245,0.0005316069248815696,1.936225593808178e-05,0.01285889352811115,0.9865901372910691,MMR
TCGA-E9-A247,7.562610260372996e-18,2.7343188947498287e-08,1.0529596554558219e-08,0.9999999621272145,MMR
TCGA-E9-A248,1.0164673403446063e-33,5.191941354440847e-15,1.4648264891658386e-15,0.9999999999999933,MMR
TCGA-E9-A249,2.4642053883678167e-45,9.17272995005625e-18,2.0506557250071614e-16,0.9999999999999998,MMR
TCGA-E9-A24A,5.30283972895508e-05,0.03216256648491822,0.8398552992105627,0.12792910590722947,HR
TCGA-E9-A295,5.318710875565548e-38,5.910838849498681e-13,9.172918619826413e-15,0.9999999999993998,MMR
TCGA-E9-A2JS,2.2191381551536165e-17,3.827424745022059e-06,2.4572762475619446e-07,0.9999959268476303,MMR
TCGA-E9-A2JT,0.06370540240095325,0.16385672033870724,0.24725671032957336,0.5251811669307662,MMR
TCGA-E9-A3HO,1.5362480685054558e-18,2.4059511932527492e-05,0.9960246802230982,0.003951260264969334,HR
TCGA-E9-A3QA,1.3714737115062957e-11,0.0007080991880402705,0.4202683818807991,0.5790235189174459,MMR
TCGA-E9-A3X8,1.6213954974373266e-13,4.241510533096214e-06,3.5863527174682046e-06,0.9999921721365872,MMR
TCGA-E9-A54Y,2.7468590797609272e-17,4.630636786976364e-09,0.0003222710417669265,0.9996777243275963,MMR
TCGA-E9-A5FK,1.3029068248590517e-30,2.4891552987378397e-10,2.5923646917365905e-07,0.9999997405146153,MMR
TCGA-E9-A5FL,2.08420648175431e-10,0.008938829548435775,0.9904601433908627,0.0006010268522810393,HR
TCGA-E9-A5UO,3.9462329043044766e-29,1.0481831701083582e-11,0.0016757282974876274,0.9983242716920304,MMR
TCGA-E9-A6HE,1.3092126377083983e-05,0.032715577574848075,0.7872376034796731,0.18003372681910174,HR
TCGA-EW-A1IW,2.6160045745154456e-11,0.0018735550003152563,0.9586163848372062,0.039510060136318366,HR
TCGA-EW-A1IX,0.002327210479449493,0.04995613702456919,0.881632896128894,0.06608375636708717,HR
TCGA-EW-A1IY,9.743389649636454e-11,0.0017147019649474463,0.5562261313943788,0.4420591665432399,HR
TCGA-EW-A1IZ,6.0733737017145126e-40,7.479281801244711e-14,1.0750792742376734e-10,0.9999999998924174,MMR
TCGA-EW-A1J1,5.2823402949940165e-48,1.1797175391692475e-18,2.7919063144843976e-17,1.0,MMR
TCGA-EW-A1J3,2.560203583298523e-15,5.583224563585657e-09,0.00022672996014869783,0.9997732644566242,MMR
TCGA-EW-A1J5,7.848654206069725e-07,0.011344510201243238,0.09404658485580973,0.8946081200775264,MMR
TCGA-EW-A1J6,9.325426159320247e-39,5.1182888168878875e-12,1.3736536762978773e-07,0.9999998626295141,MMR
TCGA-EW-A1OV,6.229158546389758e-07,0.01605773510656968,0.22325743499697945,0.7606842069805961,MMR
TCGA-EW-A1OX,1.3059677628392346e-08,8.555069738399247e-08,0.9688115948737714,0.031188306515853643,HR
TCGA-EW-A1OZ,1.0026486612545866e-22,4.09911510995421e-10,0.00012743566160084642,0.9998725639284878,MMR
TCGA-EW-A1P0,2.6845250710893086e-26,2.0844795792183394e-07,0.0034324091467459344,0.9965673824052962,MMR
TCGA-EW-A1P1,5.062083584750707e-45,3.054388021866594e-19,1.0880093052312342e-19,1.0,MMR
TCGA-EW-A1P3,7.400243472044057e-16,0.004099419028739244,0.9957551435271285,0.0001454374441316373,HR
TCGA-EW-A1P4,2.6972091752161955e-21,5.390868963284737e-07,0.282733039775377,0.7172664211377267,MMR
TCGA-EW-A1P5,3.941174990360117e-39,4.283736194555937e-17,1.3400191892287846e-17,1.0,MMR
TCGA-EW-A1P6,8.524046094681229e-36,2.3104822697233885e-14,1.669492994506242e-07,0.9999998330506775,MMR
TCGA-EW-A1P7,1.0477432712678131e-09,0.006686650335928022,0.28336592609523903,0.7099474225210897,MMR
TCGA-EW-A1P8,0.09599488685753753,0.1529954478933012,0.10440785393375114,0.6466018113154102,MMR
TCGA-EW-A1PA,5.4456859313824954e-14,6.61374783467499e-06,0.9904476892164844,0.00954569703562629,HR
TCGA-EW-A1PB,6.641296956277863e-11,3.0414693635827477e-05,0.9990897442375717,0.0008798410023796645,HR
TCGA-EW-A1PD,0.009427424790034814,0.12091887434700903,0.1153517014893015,0.7543019993736547,MMR
TCGA-EW-A1PE,1.1357857702312734e-21,1.6606592783417574e-05,0.27584883854661746,0.7241345548605992,MMR
TCGA-EW-A1PG,1.3012937353895444e-16,5.828274249150552e-08,9.291164361500604e-08,0.9999998488056139,MMR
TCGA-EW-A1PH,1.5076871568976548e-25,5.249379345954225e-07,0.004878347836232015,0.9951211272258335,MMR
TCGA-EW-A2FR,4.4894765532141785e-19,8.603063460285364e-05,0.4027792268261504,0.5971347425392467,MMR
TCGA-EW-A2FS,3.1729834859538626e-34,1.2573218160640895e-13,2.366966813370401e-11,0.9999999999762046,MMR
TCGA-EW-A2FV,1.4453319029851143e-21,8.368782819272904e-05,0.0027842858643509234,0.9971320263074563,MMR
TCGA-EW-A2FW,4.138267008189244e-26,2.290848319827767e-09,1.6209455761642397e-07,0.9999998356145939,MMR
TCGA-EW-A423,2.6995129741468895e-27,1.5061491379101656e-11,5.995144667188318e-05,0.9999400485382666,MMR
TCGA-EW-A6S9,1.0084048974220398e-43,6.997930705484461e-15,2.434684264270056e-11,0.9999999999756461,MMR
TCGA-EW-A6SA,1.07630153745494e-21,9.909172540679242e-07,0.06445949497094326,0.9355395141118027,MMR
TCGA-EW-A6SB,1.5375910788466168e-25,2.1518641494568417e-08,0.0019064096448212242,0.9980935688365372,MMR
TCGA-EW-A6SC,5.079497454539099e-09,0.002158603225668554,4.039518479063418e-06,0.997837352176355,MMR
TCGA-EW-A6SD,1.8167209856318243e-27,2.4576288679198997e-08,9.317495013356933e-05,0.9999068004735778,MMR
TCGA-GI-A2C8,1.2848701521996588e-21,1.119742159732688e-07,0.00017998837840612204,0.999819899647378,MMR
TCGA-GM-A2D9,1.8541776524706148e-09,0.004762268794356876,0.21263310141286348,0.782604627938602,MMR
TCGA-GM-A2DA,7.567247907268433e-44,6.140651702560857e-15,3.4467522105791433e-11,0.9999999999655262,MMR
TCGA-GM-A2DB,4.657021046521477e-25,2.254097170724808e-09,4.582433193171468e-08,0.9999999519215709,MMR
TCGA-GM-A2DC,1.925769990411485e-19,3.6663183900901375e-07,6.215170312562569e-06,0.9999934181978485,MMR
TCGA-GM-A2DD,3.570815781147317e-23,2.980177465531569e-07,0.9999988801076343,8.218746192859946e-07,HR
TCGA-GM-A2DF,3.210417330355116e-44,3.014756275327505e-16,5.976230843857259e-14,0.9999999999999398,MMR
TCGA-GM-A2DH,3.907547910447181e-12,0.000850609283626917,0.053503789373194395,0.9456456013392712,MMR
TCGA-GM-A2DI,8.901805307239725e-11,4.993816624657252e-05,4.6314671959223714e-05,0.9999037470727762,MMR
TCGA-GM-A2DK,6.650833079589732e-22,2.6668007049798113e-06,0.999851342025622,0.00014599117367301753,HR
TCGA-GM-A2DL,3.731065955203221e-13,4.644540453373233e-05,0.000361059075324804,0.9995924955197683,MMR
TCGA-GM-A2DM,8.101228518342796e-09,6.463614902643908e-07,8.008428136343244e-07,0.9999985446944676,MMR
TCGA-GM-A2DN,6.246157875279842e-28,1.8237997650312636e-08,0.00010557985982365982,0.9998944019021787,MMR
TCGA-GM-A2DO,2.5989814077546924e-06,0.007245137874493649,0.0415269880665136,0.9512252750775849,MMR
TCGA-GM-A3NW,9.190287980551139e-25,7.714347614684359e-11,4.805205744226662e-11,0.9999999998748044,MMR
TCGA-GM-A3XL,9.19141265521942e-19,2.5872941472500073e-07,0.9999580299165696,4.171135401556582e-05,HR
TCGA-GM-A4E0,1.6177415981452333e-48,6.750543228046526e-17,2.165264372614682e-10,0.9999999997834734,MMR
TCGA-GM-A5PV,6.565028570044085e-37,1.5987213650957077e-08,0.7757832282309705,0.22421675578181596,HR
TCGA-GM-A5PX,4.128130117688546e-19,3.910840273279148e-10,0.9751630277923714,0.02483697181654454,HR
TCGA-HN-A2NL,1.6757455616256114e-28,1.6479490214751685e-07,0.00918453381434409,0.9908153013907539,MMR
TCGA-HN-A2OB,7.324237122295998e-45,3.2002524370279907e-19,1.1715551235222655e-19,1.0,MMR
TCGA-JL-A3YX,3.607287872401751e-25,1.683722019784167e-12,2.676359844698665e-07,0.9999997323623319,MMR
TCGA-LD-A66U,5.9414461455462015e-05,0.0603904155365067,0.38238796172968265,0.5571622082723552,MMR
TCGA-LD-A74U,2.0459656924335523e-14,0.00010219643352230731,0.008896232180041397,0.9910015713864159,MMR
TCGA-LD-A7W5,2.8190952551041476e-36,1.6004407641584131e-13,1.072205566728473e-11,0.9999999999891178,MMR
TCGA-LD-A7W6,4.952029387868878e-49,4.0603699113460817e-16,1.1072513497272872e-11,0.9999999999889271,MMR
TCGA-LD-A9QF,5.222842922225362e-54,1.1959012364087038e-19,7.262714710865735e-16,0.9999999999999993,MMR
TCGA-LL-A440,7.171056001870516e-09,0.0036058966477987863,0.9920124333087087,0.004381662872436625,HR
TCGA-LL-A50Y,2.2314011127198937e-46,1.7360068256436604e-15,4.1293610206474585e-08,0.999999958706388,MMR
TCGA-LL-A5YL,9.070105813673041e-19,2.361668989092346e-06,0.00048658442809155437,0.9995110539029193,MMR
TCGA-LL-A5YM,1.3167565156502393e-30,1.3582599055157448e-11,2.9016782482387066e-05,0.999970983203935,MMR
TCGA-LL-A5YN,1.4991183645813967e-33,6.911687634840036e-12,1.5038059233501024e-07,0.999999849612496,MMR
TCGA-LL-A5YO,7.447864699655988e-13,1.8009346464425786e-06,0.9999969276220555,1.2714425532120933e-06,HR
TCGA-LL-A5YP,4.777231707141995e-10,0.0008606493757977512,0.9926576624185547,0.006481687727924486,HR
TCGA-LL-A6FP,1.6997282393256693e-23,1.4714319003286452e-08,0.9911954161192322,0.008804569166448954,HR
TCGA-LL-A6FQ,1.203248498060338e-24,3.070062085034043e-08,7.543994111943112e-06,0.9999924253052671,MMR
TCGA-LL-A6FR,4.2255614061967816e-46,2.850158710383454e-14,4.096562904832142e-09,0.9999999959034085,MMR
TCGA-LL-A73Y,1.915527683287344e-12,0.0014683066269107203,0.4282568447532694,0.5702748486179043,MMR
TCGA-LL-A73Z,1.90704291920188e-21,4.280610816682651e-13,2.2204778249981027e-06,0.999997779521747,MMR
TCGA-LL-A740,3.06233071101642e-23,2.6421470025690834e-11,0.05692483732005308,0.9430751626535253,MMR
TCGA-LL-A7SZ,3.3347485606826905e-37,8.478254837662022e-13,1.371649802384076e-09,0.9999999986275023,MMR
TCGA-LL-A7T0,1.2425898365254277e-41,2.312206994937936e-13,4.539533904952675e-09,0.9999999954602348,MMR
TCGA-LL-A8F5,7.819626949293017e-23,1.1960856470848354e-06,0.9099491224542872,0.09004968146006574,HR
TCGA-LL-A9Q3,4.6308774327119355e-15,0.00021320638159574214,0.9905802933250876,0.00920650029331214,HR
TCGA-OK-A5Q2,5.909550299061479e-46,6.457027017673205e-16,6.035683818960509e-12,0.9999999999939637,MMR
TCGA-OL-A5D6,9.355225879404832e-47,4.1261735966307545e-14,1.4788233113199486e-08,0.9999999852117256,MMR
TCGA-OL-A5D7,4.689272507604306e-13,2.7988009985361003e-07,0.9982499609703491,0.0017497591490821544,HR
TCGA-OL-A5D8,1.8552719477671301e-41,5.79436675116027e-12,2.4860138801686345e-06,0.9999975139803253,MMR
TCGA-OL-A5DA,6.374989432803431e-17,1.7499578886157925e-05,0.00483016532801665,0.9951523350930972,MMR
TCGA-OL-A5RU,6.150638563725367e-17,9.492056086710274e-08,4.787822362078455e-08,0.9999998572012154,MMR
TCGA-OL-A5RV,7.986579965379716e-73,5.189058322519394e-26,8.707777783033532e-22,1.0,MMR
TCGA-OL-A5RW,1.4933683466745592e-13,8.100107697979965e-06,0.999917948992029,7.395090012362822e-05,HR
TCGA-OL-A5RX,1.0209470234394313e-38,8.318470271102187e-11,4.021381029810715e-05,0.9999597861065171,MMR
TCGA-OL-A5RY,3.856645100361551e-14,8.617830564964101e-18,1.309318562970099e-10,0.9999999998690297,MMR
TCGA-OL-A5RZ,2.394927511516749e-38,4.8899482746321e-13,6.592585553767403e-10,0.9999999993402524,MMR
TCGA-OL-A5S0,8.742555658707599e-09,1.2074816984854782e-09,0.013069538091266472,0.9869304519586961,MMR
TCGA-OL-A66H,9.026017355836166e-16,4.830488916957226e-05,0.9997855622754999,0.00016613283532970977,HR
TCGA-OL-A66I,1.703295007269518e-27,6.192461621570978e-12,7.63372611749578e-09,0.9999999923600814,MMR
TCGA-OL-A66J,2.885075259746207e-48,3.1947649578546837e-16,3.8176298665494264e-12,0.9999999999961819,MMR
TCGA-OL-A66K,1.4118343853648241e-21,6.163448448340591e-06,1.2355226227920246e-07,0.9999937129992893,MMR
TCGA-OL-A66L,4.220759107664836e-18,1.9532653761814e-05,0.010460637159324767,0.9895198301869135,MMR
TCGA-OL-A66N,1.1328670979285782e-59,2.0947837834126707e-20,6.377361013428523e-16,0.9999999999999993,MMR
TCGA-OL-A66O,9.623575768141552e-53,1.8700398344734158e-22,5.119023739965112e-23,1.0,MMR
TCGA-OL-A66P,1.0040011199835044e-17,2.6846753868877595e-05,0.9998690640889695,0.00010408915716178132,HR
TCGA-OL-A6VO,9.223449376165971e-31,5.307844232631223e-15,2.33254661675757e-08,0.9999999766745286,MMR
TCGA-OL-A6VQ,1.9129009887390145e-14,0.0003550311477201554,0.1047855733988255,0.8948593954534352,MMR
TCGA-OL-A6VR,1.0040476295988145e-13,9.006720414573726e-05,0.0035117630547752874,0.9963981697409786,MMR
TCGA-OL-A97C,1.738915340728664e-27,1.4160662628795261e-11,0.0031119638452643313,0.996888036140575,MMR
TCGA-PE-A5DC,2.785603173584463e-23,1.163503269191149e-06,0.00551443103739318,0.9944844054593376,MMR
TCGA-PE-A5DD,8.909443554294412e-13,0.0011403684740396043,0.9262690593776689,0.07259057214740072,HR
TCGA-PE-A5DE,5.4432674123540474e-05,0.018934586218015106,0.09068172101536937,0.8903292600924919,MMR
TCGA-PL-A8LV,1.3236564417317774e-21,5.215461038560118e-07,0.9981281539407062,0.001871324513189918,HR
TCGA-PL-A8LX,8.741443096300204e-36,1.5379043197692677e-12,5.504975205832044e-10,0.9999999994479645,MMR
TCGA-PL-A8LY,5.733317417615454e-18,1.8001659293297306e-08,1.8050126925396882e-08,0.9999999639482138,MMR
TCGA-PL-A8LZ,2.7891785036411595e-16,6.34053070360449e-05,0.012969177017973609,0.98696741767499,MMR
TCGA-S3-A6ZF,4.262816790760011e-18,1.226135707927195e-08,0.000532436115159532,0.9994675516234834,MMR
TCGA-S3-A6ZG,3.462926567849112e-43,2.8360334868011553e-13,7.193457903514145e-08,0.9999999280651374,MMR
TCGA-S3-A6ZH,7.176882159427022e-32,7.031962419317187e-11,9.673962598913484e-08,0.9999999031900544,MMR
TCGA-S3-AA0Z,5.580384677750545e-16,8.815155659517223e-05,0.9984324518827301,0.0014793965606742156,HR
TCGA-S3-AA10,1.0922185294831298e-18,3.432131610064366e-08,0.9999959115818532,4.054096830641631e-06,HR
TCGA-S3-AA11,2.3582301705899683e-16,0.003405356166174318,0.14051155889900896,0.8560830849348164,MMR
TCGA-S3-AA12,8.167402999452918e-38,4.8000160943996885e-12,4.28345168090964e-08,0.9999999571606831,MMR
TCGA-S3-AA14,1.3915596361859768e-60,1.9976269959168438e-23,1.3727481636020754e-21,1.0,MMR
TCGA-S3-AA15,6.355367696792114e-15,6.302319628684818e-05,0.007225900075044192,0.9927110767286627,MMR
TCGA-S3-AA17,1.068193594850793e-26,3.8050248664233185e-08,0.9978807206813686,0.0021192412683828108,HR
TCGA-UL-AAZ6,2.4538986678382904e-07,0.00041104474961440365,0.6134196507483896,0.38616905911212923,HR
TCGA-UU-A93S,8.577233244176626e-05,0.0014022949476181958,0.9490705825489336,0.049441350171006454,HR
TCGA-V7-A7HQ,2.7029025811536875e-16,1.3311228828104593e-10,0.9988678616193475,0.0011321382475398978,HR
TCGA-W8-A86G,3.90595513033531e-45,1.3353562745420946e-17,9.29336254677764e-16,0.9999999999999991,MMR
TCGA-WT-AB41,8.50406810566461e-30,3.1986128284504086e-10,1.3626785520579718e-07,0.9999998634122835,MMR
TCGA-WT-AB44,6.713229200193922e-38,2.0617249429849107e-11,1.1281992123926779e-06,0.9999988717801703,MMR
TCGA-XX-A899,0.00011243346870307552,8.92266238005622e-06,1.3078950628472778e-06,0.9998773359738541,MMR
TCGA-XX-A89A,2.4185531145588306e-11,3.1563012849766006e-05,2.7293121393657975e-05,0.9999411438415711,MMR
TCGA-Z7-A8R5,4.966480509456818e-76,8.224433410264439e-28,4.246568084713988e-24,1.0,MMR
TCGA-Z7-A8R6,4.363859266507453e-12,0.00025818375609490944,0.009627331849495626,0.9901144843900456,MMR
